Year,Monthly_MSL,Unverified,Linear_Trend,High_Conf.,Low_Conf.
1856-01-01,-0.249,,-0.390,-0.381,-0.399,
1856-02-01,-0.247,,-0.390,-0.381,-0.398,
1856-03-01,-0.346,,-0.390,-0.381,-0.398,
1856-04-01,-0.355,,-0.389,-0.381,-0.398,
1856-05-01,-0.325,,-0.389,-0.381,-0.398,
1856-06-01,-0.462,,-0.389,-0.380,-0.397,
1856-07-01,-0.409,,-0.389,-0.380,-0.397,
1856-08-01,-0.392,,-0.388,-0.380,-0.397,
1856-09-01,-0.449,,-0.388,-0.380,-0.397,
1856-10-01,-0.457,,-0.388,-0.379,-0.396,
1856-11-01,-0.380,,-0.388,-0.379,-0.396,
1856-12-01,-0.289,,-0.387,-0.379,-0.396,
1857-01-01,-0.249,,-0.387,-0.379,-0.396,
1857-02-01,-0.284,,-0.387,-0.378,-0.395,
1857-03-01,-0.303,,-0.387,-0.378,-0.395,
1857-04-01,-0.340,,-0.386,-0.378,-0.395,
1857-05-01,-0.294,,-0.386,-0.378,-0.395,
1857-06-01,-0.319,,-0.386,-0.378,-0.394,
1857-07-01,-0.360,,-0.386,-0.377,-0.394,
1857-08-01,-0.356,,-0.385,-0.377,-0.394,
1857-09-01,-0.382,,-0.385,-0.377,-0.394,
1857-10-01,-0.427,,-0.385,-0.377,-0.393,
1857-11-01,-0.340,,-0.385,-0.376,-0.393,
1857-12-01,-0.274,,-0.385,-0.376,-0.393,
1858-01-01,-0.228,,-0.384,-0.376,-0.393,
1858-02-01,-0.272,,-0.384,-0.376,-0.392,
1858-03-01,-0.322,,-0.384,-0.375,-0.392,
1858-04-01,-0.380,,-0.384,-0.375,-0.392,
1858-05-01,-0.358,,-0.383,-0.375,-0.392,
1858-06-01,-0.341,,-0.383,-0.375,-0.391,
1858-07-01,-0.372,,-0.383,-0.375,-0.391,
1858-08-01,-0.444,,-0.383,-0.374,-0.391,
1858-09-01,-0.464,,-0.382,-0.374,-0.391,
1858-10-01,-0.506,,-0.382,-0.374,-0.390,
1858-11-01,-0.365,,-0.382,-0.374,-0.390,
1858-12-01,-0.277,,-0.382,-0.373,-0.390,
1859-01-01,-0.246,,-0.381,-0.373,-0.390,
1859-02-01,-0.256,,-0.381,-0.373,-0.390,
1859-03-01,-0.297,,-0.381,-0.373,-0.389,
1859-04-01,-0.346,,-0.381,-0.372,-0.389,
1859-05-01,-0.309,,-0.380,-0.372,-0.389,
1859-06-01,-0.371,,-0.380,-0.372,-0.389,
1859-07-01,-0.339,,-0.380,-0.372,-0.388,
1859-08-01,-0.343,,-0.380,-0.371,-0.388,
1859-09-01,-0.400,,-0.380,-0.371,-0.388,
1859-10-01,-0.421,,-0.379,-0.371,-0.388,
1859-11-01,-0.356,,-0.379,-0.371,-0.387,
1859-12-01,-0.238,,-0.379,-0.371,-0.387,
1860-01-01,-0.243,,-0.379,-0.370,-0.387,
1860-02-01,-0.253,,-0.378,-0.370,-0.387,
1860-03-01,-0.328,,-0.378,-0.370,-0.386,
1860-04-01,-0.355,,-0.378,-0.370,-0.386,
1860-05-01,-0.343,,-0.378,-0.369,-0.386,
1860-06-01,-0.337,,-0.377,-0.369,-0.386,
1860-07-01,-0.381,,-0.377,-0.369,-0.385,
1860-08-01,-0.392,,-0.377,-0.369,-0.385,
1860-09-01,-0.437,,-0.377,-0.368,-0.385,
1860-10-01,-0.445,,-0.376,-0.368,-0.385,
1860-11-01,-0.398,,-0.376,-0.368,-0.384,
1860-12-01,-0.296,,-0.376,-0.368,-0.384,
1861-01-01,,,-0.376,-0.368,-0.384,
1861-02-01,,,-0.375,-0.367,-0.384,
1861-03-01,,,-0.375,-0.367,-0.383,
1861-04-01,,,-0.375,-0.367,-0.383,
1861-05-01,,,-0.375,-0.367,-0.383,
1861-06-01,,,-0.375,-0.366,-0.383,
1861-07-01,,,-0.374,-0.366,-0.382,
1861-08-01,,,-0.374,-0.366,-0.382,
1861-09-01,,,-0.374,-0.366,-0.382,
1861-10-01,,,-0.374,-0.365,-0.382,
1861-11-01,,,-0.373,-0.365,-0.381,
1861-12-01,,,-0.373,-0.365,-0.381,
1862-01-01,-0.295,,-0.373,-0.365,-0.381,
1862-02-01,-0.305,,-0.373,-0.365,-0.381,
1862-03-01,-0.313,,-0.372,-0.364,-0.380,
1862-04-01,-0.343,,-0.372,-0.364,-0.380,
1862-05-01,-0.312,,-0.372,-0.364,-0.380,
1862-06-01,-0.350,,-0.372,-0.364,-0.380,
1862-07-01,-0.336,,-0.371,-0.363,-0.379,
1862-08-01,-0.395,,-0.371,-0.363,-0.379,
1862-09-01,-0.443,,-0.371,-0.363,-0.379,
1862-10-01,-0.488,,-0.371,-0.363,-0.379,
1862-11-01,-0.365,,-0.370,-0.362,-0.378,
1862-12-01,-0.283,,-0.370,-0.362,-0.378,
1863-01-01,-0.313,,-0.370,-0.362,-0.378,
1863-02-01,-0.348,,-0.370,-0.362,-0.378,
1863-03-01,-0.355,,-0.369,-0.361,-0.377,
1863-04-01,-0.325,,-0.369,-0.361,-0.377,
1863-05-01,-0.300,,-0.369,-0.361,-0.377,
1863-06-01,-0.371,,-0.369,-0.361,-0.377,
1863-07-01,-0.336,,-0.369,-0.361,-0.377,
1863-08-01,-0.380,,-0.368,-0.360,-0.376,
1863-09-01,-0.379,,-0.368,-0.360,-0.376,
1863-10-01,-0.317,,-0.368,-0.360,-0.376,
1863-11-01,-0.389,,-0.368,-0.360,-0.376,
1863-12-01,-0.414,,-0.367,-0.359,-0.375,
1864-01-01,-0.499,,-0.367,-0.359,-0.375,
1864-02-01,-0.412,,-0.367,-0.359,-0.375,
1864-03-01,-0.279,,-0.367,-0.359,-0.375,
1864-04-01,-0.200,,-0.366,-0.358,-0.374,
1864-05-01,-0.300,,-0.366,-0.358,-0.374,
1864-06-01,-0.441,,-0.366,-0.358,-0.374,
1864-07-01,-0.393,,-0.366,-0.358,-0.374,
1864-08-01,-0.349,,-0.365,-0.358,-0.373,
1864-09-01,-0.339,,-0.365,-0.357,-0.373,
1864-10-01,-0.229,,-0.365,-0.357,-0.373,
1864-11-01,-0.377,,-0.365,-0.357,-0.373,
1864-12-01,-0.350,,-0.364,-0.357,-0.372,
1865-01-01,-0.396,,-0.364,-0.356,-0.372,
1865-02-01,-0.305,,-0.364,-0.356,-0.372,
1865-03-01,-0.377,,-0.364,-0.356,-0.372,
1865-04-01,-0.413,,-0.364,-0.356,-0.371,
1865-05-01,-0.306,,-0.363,-0.355,-0.371,
1865-06-01,-0.362,,-0.363,-0.355,-0.371,
1865-07-01,-0.546,,-0.363,-0.355,-0.371,
1865-08-01,-0.423,,-0.363,-0.355,-0.370,
1865-09-01,-0.400,,-0.362,-0.355,-0.370,
1865-10-01,-0.415,,-0.362,-0.354,-0.370,
1865-11-01,-0.362,,-0.362,-0.354,-0.370,
1865-12-01,-0.332,,-0.362,-0.354,-0.369,
1866-01-01,-0.347,,-0.361,-0.354,-0.369,
1866-02-01,-0.436,,-0.361,-0.353,-0.369,
1866-03-01,-0.474,,-0.361,-0.353,-0.369,
1866-04-01,-0.422,,-0.361,-0.353,-0.368,
1866-05-01,-0.376,,-0.360,-0.353,-0.368,
1866-06-01,-0.362,,-0.360,-0.352,-0.368,
1866-07-01,-0.345,,-0.360,-0.352,-0.368,
1866-08-01,-0.368,,-0.360,-0.352,-0.367,
1866-09-01,-0.379,,-0.359,-0.352,-0.367,
1866-10-01,-0.250,,-0.359,-0.351,-0.367,
1866-11-01,-0.337,,-0.359,-0.351,-0.367,
1866-12-01,-0.399,,-0.359,-0.351,-0.366,
1867-01-01,-0.237,,-0.358,-0.351,-0.366,
1867-02-01,-0.375,,-0.358,-0.351,-0.366,
1867-03-01,-0.242,,-0.358,-0.350,-0.366,
1867-04-01,-0.392,,-0.358,-0.350,-0.365,
1867-05-01,-0.337,,-0.358,-0.350,-0.365,
1867-06-01,-0.362,,-0.357,-0.350,-0.365,
1867-07-01,-0.204,,-0.357,-0.349,-0.365,
1867-08-01,-0.374,,-0.357,-0.349,-0.365,
1867-09-01,-0.376,,-0.357,-0.349,-0.364,
1867-10-01,-0.341,,-0.356,-0.349,-0.364,
1867-11-01,-0.389,,-0.356,-0.348,-0.364,
1867-12-01,-0.356,,-0.356,-0.348,-0.364,
1868-01-01,-0.335,,-0.356,-0.348,-0.363,
1868-02-01,-0.421,,-0.355,-0.348,-0.363,
1868-03-01,-0.398,,-0.355,-0.348,-0.363,
1868-04-01,-0.304,,-0.355,-0.347,-0.363,
1868-05-01,-0.114,,-0.355,-0.347,-0.362,
1868-06-01,-0.310,,-0.354,-0.347,-0.362,
1868-07-01,-0.296,,-0.354,-0.347,-0.362,
1868-08-01,-0.398,,-0.354,-0.346,-0.362,
1868-09-01,-0.297,,-0.354,-0.346,-0.361,
1868-10-01,-0.326,,-0.353,-0.346,-0.361,
1868-11-01,-0.298,,-0.353,-0.346,-0.361,
1868-12-01,-0.411,,-0.353,-0.345,-0.361,
1869-01-01,-0.313,,-0.353,-0.345,-0.360,
1869-02-01,-0.369,,-0.353,-0.345,-0.360,
1869-03-01,-0.401,,-0.352,-0.345,-0.360,
1869-04-01,-0.374,,-0.352,-0.344,-0.360,
1869-05-01,-0.309,,-0.352,-0.344,-0.359,
1869-06-01,-0.392,,-0.352,-0.344,-0.359,
1869-07-01,-0.369,,-0.351,-0.344,-0.359,
1869-08-01,-0.374,,-0.351,-0.344,-0.359,
1869-09-01,-0.370,,-0.351,-0.343,-0.358,
1869-10-01,-0.341,,-0.351,-0.343,-0.358,
1869-11-01,-0.368,,-0.350,-0.343,-0.358,
1869-12-01,-0.289,,-0.350,-0.343,-0.358,
1870-01-01,-0.328,,-0.350,-0.342,-0.357,
1870-02-01,-0.217,,-0.350,-0.342,-0.357,
1870-03-01,-0.194,,-0.349,-0.342,-0.357,
1870-04-01,-0.179,,-0.349,-0.342,-0.357,
1870-05-01,-0.279,,-0.349,-0.341,-0.356,
1870-06-01,-0.313,,-0.349,-0.341,-0.356,
1870-07-01,-0.311,,-0.348,-0.341,-0.356,
1870-08-01,-0.307,,-0.348,-0.341,-0.356,
1870-09-01,-0.315,,-0.348,-0.341,-0.355,
1870-10-01,-0.311,,-0.348,-0.340,-0.355,
1870-11-01,-0.392,,-0.348,-0.340,-0.355,
1870-12-01,-0.350,,-0.347,-0.340,-0.355,
1871-01-01,-0.353,,-0.347,-0.340,-0.354,
1871-02-01,-0.351,,-0.347,-0.339,-0.354,
1871-03-01,-0.291,,-0.347,-0.339,-0.354,
1871-04-01,-0.267,,-0.346,-0.339,-0.354,
1871-05-01,-0.364,,-0.346,-0.339,-0.353,
1871-06-01,-0.328,,-0.346,-0.338,-0.353,
1871-07-01,-0.332,,-0.346,-0.338,-0.353,
1871-08-01,-0.356,,-0.345,-0.338,-0.353,
1871-09-01,-0.351,,-0.345,-0.338,-0.352,
1871-10-01,-0.433,,-0.345,-0.338,-0.352,
1871-11-01,-0.343,,-0.345,-0.337,-0.352,
1871-12-01,-0.491,,-0.344,-0.337,-0.352,
1872-01-01,-0.365,,-0.344,-0.337,-0.352,
1872-02-01,-0.284,,-0.344,-0.337,-0.351,
1872-03-01,-0.404,,-0.344,-0.336,-0.351,
1872-04-01,-0.401,,-0.343,-0.336,-0.351,
1872-05-01,-0.416,,-0.343,-0.336,-0.351,
1872-06-01,-0.344,,-0.343,-0.336,-0.350,
1872-07-01,-0.339,,-0.343,-0.335,-0.350,
1872-08-01,-0.362,,-0.342,-0.335,-0.350,
1872-09-01,-0.428,,-0.342,-0.335,-0.350,
1872-10-01,-0.317,,-0.342,-0.335,-0.349,
1872-11-01,-0.337,,-0.342,-0.334,-0.349,
1872-12-01,-0.289,,-0.342,-0.334,-0.349,
1873-01-01,-0.335,,-0.341,-0.334,-0.349,
1873-02-01,-0.320,,-0.341,-0.334,-0.348,
1873-03-01,-0.435,,-0.341,-0.334,-0.348,
1873-04-01,-0.270,,-0.341,-0.333,-0.348,
1873-05-01,-0.309,,-0.340,-0.333,-0.348,
1873-06-01,-0.359,,-0.340,-0.333,-0.347,
1873-07-01,-0.329,,-0.340,-0.333,-0.347,
1873-08-01,-0.325,,-0.340,-0.332,-0.347,
1873-09-01,-0.351,,-0.339,-0.332,-0.347,
1873-10-01,-0.302,,-0.339,-0.332,-0.346,
1873-11-01,-0.407,,-0.339,-0.332,-0.346,
1873-12-01,-0.326,,-0.339,-0.331,-0.346,
1874-01-01,-0.286,,-0.338,-0.331,-0.346,
1874-02-01,-0.326,,-0.338,-0.331,-0.345,
1874-03-01,-0.447,,-0.338,-0.331,-0.345,
1874-04-01,-0.432,,-0.338,-0.331,-0.345,
1874-05-01,-0.358,,-0.337,-0.330,-0.345,
1874-06-01,-0.356,,-0.337,-0.330,-0.344,
1874-07-01,-0.366,,-0.337,-0.330,-0.344,
1874-08-01,-0.346,,-0.337,-0.330,-0.344,
1874-09-01,-0.336,,-0.337,-0.329,-0.344,
1874-10-01,-0.445,,-0.336,-0.329,-0.343,
1874-11-01,-0.444,,-0.336,-0.329,-0.343,
1874-12-01,-0.497,,-0.336,-0.329,-0.343,
1875-01-01,-0.322,,-0.336,-0.328,-0.343,
1875-02-01,-0.455,,-0.335,-0.328,-0.342,
1875-03-01,-0.337,,-0.335,-0.328,-0.342,
1875-04-01,-0.352,,-0.335,-0.328,-0.342,
1875-05-01,-0.425,,-0.335,-0.327,-0.342,
1875-06-01,-0.414,,-0.334,-0.327,-0.341,
1875-07-01,-0.363,,-0.334,-0.327,-0.341,
1875-08-01,-0.328,,-0.334,-0.327,-0.341,
1875-09-01,-0.394,,-0.334,-0.327,-0.341,
1875-10-01,-0.366,,-0.333,-0.326,-0.340,
1875-11-01,-0.371,,-0.333,-0.326,-0.340,
1875-12-01,-0.326,,-0.333,-0.326,-0.340,
1876-01-01,-0.484,,-0.333,-0.326,-0.340,
1876-02-01,-0.384,,-0.332,-0.325,-0.340,
1876-03-01,-0.331,,-0.332,-0.325,-0.339,
1876-04-01,-0.328,,-0.332,-0.325,-0.339,
1876-05-01,-0.379,,-0.332,-0.325,-0.339,
1876-06-01,-0.368,,-0.332,-0.324,-0.339,
1876-07-01,-0.351,,-0.331,-0.324,-0.338,
1876-08-01,-0.343,,-0.331,-0.324,-0.338,
1876-09-01,-0.287,,-0.331,-0.324,-0.338,
1876-10-01,-0.442,,-0.331,-0.324,-0.338,
1876-11-01,-0.160,,-0.330,-0.323,-0.337,
1876-12-01,-0.323,,-0.330,-0.323,-0.337,
1877-01-01,-0.408,,-0.330,-0.323,-0.337,
1877-02-01,-0.339,,-0.330,-0.323,-0.337,
1877-03-01,-0.340,,-0.329,-0.322,-0.336,
1877-04-01,-0.270,,-0.329,-0.322,-0.336,
1877-05-01,-0.315,,-0.329,-0.322,-0.336,
1877-06-01,-0.371,,-0.329,-0.322,-0.336,
1877-07-01,-0.329,,-0.328,-0.321,-0.335,
1877-08-01,-0.270,,-0.328,-0.321,-0.335,
1877-09-01,-0.324,,-0.328,-0.321,-0.335,
1877-10-01,-0.277,,-0.328,-0.321,-0.335,
1877-11-01,-0.231,,-0.327,-0.321,-0.334,
1877-12-01,-0.302,,-0.327,-0.320,-0.334,
1878-01-01,-0.277,,-0.327,-0.320,-0.334,
1878-02-01,-0.134,,-0.327,-0.320,-0.334,
1878-03-01,-0.255,,-0.326,-0.320,-0.333,
1878-04-01,-0.218,,-0.326,-0.319,-0.333,
1878-05-01,-0.245,,-0.326,-0.319,-0.333,
1878-06-01,-0.283,,-0.326,-0.319,-0.333,
1878-07-01,-0.314,,-0.326,-0.319,-0.332,
1878-08-01,-0.276,,-0.325,-0.318,-0.332,
1878-09-01,-0.306,,-0.325,-0.318,-0.332,
1878-10-01,-0.314,,-0.325,-0.318,-0.332,
1878-11-01,-0.362,,-0.325,-0.318,-0.331,
1878-12-01,-0.232,,-0.324,-0.317,-0.331,
1879-01-01,,,-0.324,-0.317,-0.331,
1879-02-01,,,-0.324,-0.317,-0.331,
1879-03-01,,,-0.324,-0.317,-0.330,
1879-04-01,,,-0.323,-0.317,-0.330,
1879-05-01,,,-0.323,-0.316,-0.330,
1879-06-01,,,-0.323,-0.316,-0.330,
1879-07-01,,,-0.323,-0.316,-0.329,
1879-08-01,,,-0.322,-0.316,-0.329,
1879-09-01,,,-0.322,-0.315,-0.329,
1879-10-01,,,-0.322,-0.315,-0.329,
1879-11-01,,,-0.322,-0.315,-0.329,
1879-12-01,,,-0.321,-0.315,-0.328,
1880-01-01,,,-0.321,-0.314,-0.328,
1880-02-01,,,-0.321,-0.314,-0.328,
1880-03-01,,,-0.321,-0.314,-0.328,
1880-04-01,,,-0.321,-0.314,-0.327,
1880-05-01,,,-0.320,-0.314,-0.327,
1880-06-01,,,-0.320,-0.313,-0.327,
1880-07-01,,,-0.320,-0.313,-0.327,
1880-08-01,,,-0.320,-0.313,-0.326,
1880-09-01,,,-0.319,-0.313,-0.326,
1880-10-01,,,-0.319,-0.312,-0.326,
1880-11-01,,,-0.319,-0.312,-0.326,
1880-12-01,,,-0.319,-0.312,-0.325,
1881-01-01,,,-0.318,-0.312,-0.325,
1881-02-01,,,-0.318,-0.311,-0.325,
1881-03-01,,,-0.318,-0.311,-0.325,
1881-04-01,,,-0.318,-0.311,-0.324,
1881-05-01,,,-0.317,-0.311,-0.324,
1881-06-01,,,-0.317,-0.310,-0.324,
1881-07-01,,,-0.317,-0.310,-0.324,
1881-08-01,,,-0.317,-0.310,-0.323,
1881-09-01,,,-0.316,-0.310,-0.323,
1881-10-01,,,-0.316,-0.310,-0.323,
1881-11-01,,,-0.316,-0.309,-0.323,
1881-12-01,,,-0.316,-0.309,-0.322,
1882-01-01,,,-0.315,-0.309,-0.322,
1882-02-01,,,-0.315,-0.309,-0.322,
1882-03-01,,,-0.315,-0.308,-0.322,
1882-04-01,,,-0.315,-0.308,-0.321,
1882-05-01,,,-0.315,-0.308,-0.321,
1882-06-01,,,-0.314,-0.308,-0.321,
1882-07-01,,,-0.314,-0.307,-0.321,
1882-08-01,,,-0.314,-0.307,-0.320,
1882-09-01,,,-0.314,-0.307,-0.320,
1882-10-01,,,-0.313,-0.307,-0.320,
1882-11-01,,,-0.313,-0.307,-0.320,
1882-12-01,,,-0.313,-0.306,-0.319,
1883-01-01,,,-0.313,-0.306,-0.319,
1883-02-01,,,-0.312,-0.306,-0.319,
1883-03-01,,,-0.312,-0.306,-0.319,
1883-04-01,,,-0.312,-0.305,-0.318,
1883-05-01,,,-0.312,-0.305,-0.318,
1883-06-01,,,-0.311,-0.305,-0.318,
1883-07-01,,,-0.311,-0.305,-0.318,
1883-08-01,,,-0.311,-0.304,-0.317,
1883-09-01,,,-0.311,-0.304,-0.317,
1883-10-01,,,-0.310,-0.304,-0.317,
1883-11-01,,,-0.310,-0.304,-0.317,
1883-12-01,,,-0.310,-0.303,-0.317,
1884-01-01,,,-0.310,-0.303,-0.316,
1884-02-01,,,-0.310,-0.303,-0.316,
1884-03-01,,,-0.309,-0.303,-0.316,
1884-04-01,,,-0.309,-0.303,-0.316,
1884-05-01,,,-0.309,-0.302,-0.315,
1884-06-01,,,-0.309,-0.302,-0.315,
1884-07-01,,,-0.308,-0.302,-0.315,
1884-08-01,,,-0.308,-0.302,-0.315,
1884-09-01,,,-0.308,-0.301,-0.314,
1884-10-01,,,-0.308,-0.301,-0.314,
1884-11-01,,,-0.307,-0.301,-0.314,
1884-12-01,,,-0.307,-0.301,-0.314,
1885-01-01,,,-0.307,-0.300,-0.313,
1885-02-01,,,-0.307,-0.300,-0.313,
1885-03-01,,,-0.306,-0.300,-0.313,
1885-04-01,,,-0.306,-0.300,-0.313,
1885-05-01,,,-0.306,-0.300,-0.312,
1885-06-01,,,-0.306,-0.299,-0.312,
1885-07-01,,,-0.305,-0.299,-0.312,
1885-08-01,,,-0.305,-0.299,-0.312,
1885-09-01,,,-0.305,-0.299,-0.311,
1885-10-01,,,-0.305,-0.298,-0.311,
1885-11-01,,,-0.305,-0.298,-0.311,
1885-12-01,,,-0.304,-0.298,-0.311,
1886-01-01,,,-0.304,-0.298,-0.310,
1886-02-01,,,-0.304,-0.297,-0.310,
1886-03-01,,,-0.304,-0.297,-0.310,
1886-04-01,,,-0.303,-0.297,-0.310,
1886-05-01,,,-0.303,-0.297,-0.309,
1886-06-01,,,-0.303,-0.296,-0.309,
1886-07-01,,,-0.303,-0.296,-0.309,
1886-08-01,,,-0.302,-0.296,-0.309,
1886-09-01,,,-0.302,-0.296,-0.308,
1886-10-01,,,-0.302,-0.296,-0.308,
1886-11-01,,,-0.302,-0.295,-0.308,
1886-12-01,,,-0.301,-0.295,-0.308,
1887-01-01,,,-0.301,-0.295,-0.307,
1887-02-01,,,-0.301,-0.295,-0.307,
1887-03-01,,,-0.301,-0.294,-0.307,
1887-04-01,,,-0.300,-0.294,-0.307,
1887-05-01,,,-0.300,-0.294,-0.306,
1887-06-01,,,-0.300,-0.294,-0.306,
1887-07-01,,,-0.300,-0.293,-0.306,
1887-08-01,,,-0.299,-0.293,-0.306,
1887-09-01,,,-0.299,-0.293,-0.306,
1887-10-01,,,-0.299,-0.293,-0.305,
1887-11-01,,,-0.299,-0.293,-0.305,
1887-12-01,,,-0.299,-0.292,-0.305,
1888-01-01,,,-0.298,-0.292,-0.305,
1888-02-01,,,-0.298,-0.292,-0.304,
1888-03-01,,,-0.298,-0.292,-0.304,
1888-04-01,,,-0.298,-0.291,-0.304,
1888-05-01,,,-0.297,-0.291,-0.304,
1888-06-01,,,-0.297,-0.291,-0.303,
1888-07-01,,,-0.297,-0.291,-0.303,
1888-08-01,,,-0.297,-0.290,-0.303,
1888-09-01,,,-0.296,-0.290,-0.303,
1888-10-01,,,-0.296,-0.290,-0.302,
1888-11-01,,,-0.296,-0.290,-0.302,
1888-12-01,,,-0.296,-0.289,-0.302,
1889-01-01,,,-0.295,-0.289,-0.302,
1889-02-01,,,-0.295,-0.289,-0.301,
1889-03-01,,,-0.295,-0.289,-0.301,
1889-04-01,,,-0.295,-0.289,-0.301,
1889-05-01,,,-0.294,-0.288,-0.301,
1889-06-01,,,-0.294,-0.288,-0.300,
1889-07-01,,,-0.294,-0.288,-0.300,
1889-08-01,,,-0.294,-0.288,-0.300,
1889-09-01,,,-0.294,-0.287,-0.300,
1889-10-01,,,-0.293,-0.287,-0.299,
1889-11-01,,,-0.293,-0.287,-0.299,
1889-12-01,,,-0.293,-0.287,-0.299,
1890-01-01,,,-0.293,-0.286,-0.299,
1890-02-01,,,-0.292,-0.286,-0.298,
1890-03-01,,,-0.292,-0.286,-0.298,
1890-04-01,,,-0.292,-0.286,-0.298,
1890-05-01,,,-0.292,-0.286,-0.298,
1890-06-01,,,-0.291,-0.285,-0.297,
1890-07-01,,,-0.291,-0.285,-0.297,
1890-08-01,,,-0.291,-0.285,-0.297,
1890-09-01,,,-0.291,-0.285,-0.297,
1890-10-01,,,-0.290,-0.284,-0.296,
1890-11-01,,,-0.290,-0.284,-0.296,
1890-12-01,,,-0.290,-0.284,-0.296,
1891-01-01,,,-0.290,-0.284,-0.296,
1891-02-01,,,-0.289,-0.283,-0.295,
1891-03-01,,,-0.289,-0.283,-0.295,
1891-04-01,,,-0.289,-0.283,-0.295,
1891-05-01,,,-0.289,-0.283,-0.295,
1891-06-01,,,-0.288,-0.282,-0.295,
1891-07-01,,,-0.288,-0.282,-0.294,
1891-08-01,,,-0.288,-0.282,-0.294,
1891-09-01,,,-0.288,-0.282,-0.294,
1891-10-01,,,-0.288,-0.282,-0.294,
1891-11-01,,,-0.287,-0.281,-0.293,
1891-12-01,,,-0.287,-0.281,-0.293,
1892-01-01,,,-0.287,-0.281,-0.293,
1892-02-01,,,-0.287,-0.281,-0.293,
1892-03-01,,,-0.286,-0.280,-0.292,
1892-04-01,,,-0.286,-0.280,-0.292,
1892-05-01,,,-0.286,-0.280,-0.292,
1892-06-01,,,-0.286,-0.280,-0.292,
1892-07-01,,,-0.285,-0.279,-0.291,
1892-08-01,,,-0.285,-0.279,-0.291,
1892-09-01,,,-0.285,-0.279,-0.291,
1892-10-01,,,-0.285,-0.279,-0.291,
1892-11-01,,,-0.284,-0.279,-0.290,
1892-12-01,,,-0.284,-0.278,-0.290,
1893-01-01,-0.255,,-0.284,-0.278,-0.290,
1893-02-01,-0.372,,-0.284,-0.278,-0.290,
1893-03-01,-0.276,,-0.283,-0.278,-0.289,
1893-04-01,-0.258,,-0.283,-0.277,-0.289,
1893-05-01,-0.264,,-0.283,-0.277,-0.289,
1893-06-01,-0.237,,-0.283,-0.277,-0.289,
1893-07-01,-0.305,,-0.283,-0.277,-0.288,
1893-08-01,-0.246,,-0.282,-0.276,-0.288,
1893-09-01,-0.306,,-0.282,-0.276,-0.288,
1893-10-01,-0.256,,-0.282,-0.276,-0.288,
1893-11-01,-0.273,,-0.282,-0.276,-0.287,
1893-12-01,-0.356,,-0.281,-0.275,-0.287,
1894-01-01,-0.182,,-0.281,-0.275,-0.287,
1894-02-01,-0.266,,-0.281,-0.275,-0.287,
1894-03-01,-0.282,,-0.281,-0.275,-0.286,
1894-04-01,-0.182,,-0.280,-0.275,-0.286,
1894-05-01,-0.245,,-0.280,-0.274,-0.286,
1894-06-01,-0.319,,-0.280,-0.274,-0.286,
1894-07-01,-0.308,,-0.280,-0.274,-0.285,
1894-08-01,-0.295,,-0.279,-0.274,-0.285,
1894-09-01,-0.278,,-0.279,-0.273,-0.285,
1894-10-01,-0.271,,-0.279,-0.273,-0.285,
1894-11-01,-0.389,,-0.279,-0.273,-0.285,
1894-12-01,-0.241,,-0.278,-0.273,-0.284,
1895-01-01,-0.310,,-0.278,-0.272,-0.284,
1895-02-01,-0.384,,-0.278,-0.272,-0.284,
1895-03-01,-0.383,,-0.278,-0.272,-0.284,
1895-04-01,-0.270,,-0.278,-0.272,-0.283,
1895-05-01,-0.315,,-0.277,-0.272,-0.283,
1895-06-01,-0.258,,-0.277,-0.271,-0.283,
1895-07-01,-0.256,,-0.277,-0.271,-0.283,
1895-08-01,-0.307,,-0.277,-0.271,-0.282,
1895-09-01,-0.290,,-0.276,-0.271,-0.282,
1895-10-01,-0.311,,-0.276,-0.270,-0.282,
1895-11-01,-0.285,,-0.276,-0.270,-0.282,
1895-12-01,-0.177,,-0.276,-0.270,-0.281,
1896-01-01,-0.197,,-0.275,-0.270,-0.281,
1896-02-01,-0.311,,-0.275,-0.269,-0.281,
1896-03-01,-0.431,,-0.275,-0.269,-0.281,
1896-04-01,-0.310,,-0.275,-0.269,-0.280,
1896-05-01,-0.254,,-0.274,-0.269,-0.280,
1896-06-01,-0.277,,-0.274,-0.268,-0.280,
1896-07-01,-0.308,,-0.274,-0.268,-0.280,
1896-08-01,-0.282,,-0.274,-0.268,-0.279,
1896-09-01,-0.263,,-0.273,-0.268,-0.279,
1896-10-01,-0.183,,-0.273,-0.268,-0.279,
1896-11-01,-0.255,,-0.273,-0.267,-0.279,
1896-12-01,-0.180,,-0.273,-0.267,-0.278,
1897-01-01,-0.301,,-0.272,-0.267,-0.278,
1897-02-01,-0.147,,-0.272,-0.267,-0.278,
1897-03-01,-0.285,,-0.272,-0.266,-0.278,
1897-04-01,-0.340,,-0.272,-0.266,-0.277,
1897-05-01,-0.270,,-0.272,-0.266,-0.277,
1897-06-01,-0.237,,-0.271,-0.266,-0.277,
1897-07-01,-0.192,,-0.271,-0.265,-0.277,
1897-08-01,-0.215,,-0.271,-0.265,-0.276,
1897-09-01,-0.248,,-0.271,-0.265,-0.276,
1897-10-01,-0.162,,-0.270,-0.265,-0.276,
1897-11-01,-0.316,,-0.270,-0.264,-0.276,
1897-12-01,-0.271,,-0.270,-0.264,-0.275,
1898-01-01,-0.240,,-0.270,-0.264,-0.275,
1898-02-01,-0.232,,-0.269,-0.264,-0.275,
1898-03-01,-0.267,,-0.269,-0.264,-0.275,
1898-04-01,-0.194,,-0.269,-0.263,-0.274,
1898-05-01,-0.172,,-0.269,-0.263,-0.274,
1898-06-01,-0.243,,-0.268,-0.263,-0.274,
1898-07-01,-0.238,,-0.268,-0.263,-0.274,
1898-08-01,-0.276,,-0.268,-0.262,-0.274,
1898-09-01,-0.275,,-0.268,-0.262,-0.273,
1898-10-01,-0.223,,-0.267,-0.262,-0.273,
1898-11-01,-0.246,,-0.267,-0.262,-0.273,
1898-12-01,-0.314,,-0.267,-0.261,-0.273,
1899-01-01,-0.310,,-0.267,-0.261,-0.272,
1899-02-01,-0.250,,-0.267,-0.261,-0.272,
1899-03-01,-0.203,,-0.266,-0.261,-0.272,
1899-04-01,-0.258,,-0.266,-0.261,-0.272,
1899-05-01,-0.212,,-0.266,-0.260,-0.271,
1899-06-01,-0.283,,-0.266,-0.260,-0.271,
1899-07-01,-0.287,,-0.265,-0.260,-0.271,
1899-08-01,-0.209,,-0.265,-0.260,-0.271,
1899-09-01,-0.242,,-0.265,-0.259,-0.270,
1899-10-01,-0.271,,-0.265,-0.259,-0.270,
1899-11-01,-0.185,,-0.264,-0.259,-0.270,
1899-12-01,-0.244,,-0.264,-0.259,-0.270,
1900-01-01,-0.371,,-0.264,-0.258,-0.269,
1900-02-01,-0.339,,-0.264,-0.258,-0.269,
1900-03-01,-0.337,,-0.263,-0.258,-0.269,
1900-04-01,-0.325,,-0.263,-0.258,-0.269,
1900-05-01,-0.267,,-0.263,-0.257,-0.268,
1900-06-01,-0.246,,-0.263,-0.257,-0.268,
1900-07-01,-0.275,,-0.262,-0.257,-0.268,
1900-08-01,-0.240,,-0.262,-0.257,-0.268,
1900-09-01,-0.266,,-0.262,-0.257,-0.267,
1900-10-01,-0.244,,-0.262,-0.256,-0.267,
1900-11-01,-0.285,,-0.262,-0.256,-0.267,
1900-12-01,-0.253,,-0.261,-0.256,-0.267,
1901-01-01,-0.194,,-0.261,-0.256,-0.266,
1901-02-01,-0.430,,-0.261,-0.255,-0.266,
1901-03-01,-0.279,,-0.261,-0.255,-0.266,
1901-04-01,-0.090,,-0.260,-0.255,-0.266,
1901-05-01,-0.160,,-0.260,-0.255,-0.265,
1901-06-01,-0.206,,-0.260,-0.254,-0.265,
1901-07-01,-0.198,,-0.260,-0.254,-0.265,
1901-08-01,-0.191,,-0.259,-0.254,-0.265,
1901-09-01,-0.175,,-0.259,-0.254,-0.264,
1901-10-01,-0.293,,-0.259,-0.253,-0.264,
1901-11-01,-0.218,,-0.259,-0.253,-0.264,
1901-12-01,-0.195,,-0.258,-0.253,-0.264,
1902-01-01,-0.249,,-0.258,-0.253,-0.264,
1902-02-01,-0.208,,-0.258,-0.253,-0.263,
1902-03-01,-0.166,,-0.258,-0.252,-0.263,
1902-04-01,-0.227,,-0.257,-0.252,-0.263,
1902-05-01,-0.285,,-0.257,-0.252,-0.263,
1902-06-01,-0.258,,-0.257,-0.252,-0.262,
1902-07-01,-0.208,,-0.257,-0.251,-0.262,
1902-08-01,-0.209,,-0.256,-0.251,-0.262,
1902-09-01,-0.190,,-0.256,-0.251,-0.262,
1902-10-01,-0.189,,-0.256,-0.251,-0.261,
1902-11-01,-0.136,,-0.256,-0.250,-0.261,
1902-12-01,-0.155,,-0.256,-0.250,-0.261,
1903-01-01,-0.289,,-0.255,-0.250,-0.261,
1903-02-01,-0.357,,-0.255,-0.250,-0.260,
1903-03-01,-0.230,,-0.255,-0.250,-0.260,
1903-04-01,-0.133,,-0.255,-0.249,-0.260,
1903-05-01,-0.245,,-0.254,-0.249,-0.260,
1903-06-01,-0.115,,-0.254,-0.249,-0.259,
1903-07-01,-0.217,,-0.254,-0.249,-0.259,
1903-08-01,-0.188,,-0.254,-0.248,-0.259,
1903-09-01,-0.242,,-0.253,-0.248,-0.259,
1903-10-01,-0.122,,-0.253,-0.248,-0.258,
1903-11-01,-0.252,,-0.253,-0.248,-0.258,
1903-12-01,-0.335,,-0.253,-0.247,-0.258,
1904-01-01,-0.261,,-0.252,-0.247,-0.258,
1904-02-01,-0.366,,-0.252,-0.247,-0.257,
1904-03-01,-0.288,,-0.252,-0.247,-0.257,
1904-04-01,-0.282,,-0.252,-0.246,-0.257,
1904-05-01,-0.270,,-0.251,-0.246,-0.257,
1904-06-01,-0.225,,-0.251,-0.246,-0.256,
1904-07-01,-0.250,,-0.251,-0.246,-0.256,
1904-08-01,-0.292,,-0.251,-0.246,-0.256,
1904-09-01,-0.278,,-0.251,-0.245,-0.256,
1904-10-01,-0.287,,-0.250,-0.245,-0.255,
1904-11-01,-0.237,,-0.250,-0.245,-0.255,
1904-12-01,-0.250,,-0.250,-0.245,-0.255,
1905-01-01,-0.255,,-0.250,-0.244,-0.255,
1905-02-01,-0.366,,-0.249,-0.244,-0.255,
1905-03-01,-0.310,,-0.249,-0.244,-0.254,
1905-04-01,-0.304,,-0.249,-0.244,-0.254,
1905-05-01,-0.328,,-0.249,-0.243,-0.254,
1905-06-01,-0.273,,-0.248,-0.243,-0.254,
1905-07-01,-0.265,,-0.248,-0.243,-0.253,
1905-08-01,-0.234,,-0.248,-0.243,-0.253,
1905-09-01,-0.269,,-0.248,-0.242,-0.253,
1905-10-01,-0.296,,-0.247,-0.242,-0.253,
1905-11-01,-0.310,,-0.247,-0.242,-0.252,
1905-12-01,-0.222,,-0.247,-0.242,-0.252,
1906-01-01,-0.182,,-0.247,-0.242,-0.252,
1906-02-01,-0.275,,-0.246,-0.241,-0.252,
1906-03-01,-0.355,,-0.246,-0.241,-0.251,
1906-04-01,-0.267,,-0.246,-0.241,-0.251,
1906-05-01,-0.294,,-0.246,-0.241,-0.251,
1906-06-01,-0.219,,-0.245,-0.240,-0.251,
1906-07-01,-0.208,,-0.245,-0.240,-0.250,
1906-08-01,-0.215,,-0.245,-0.240,-0.250,
1906-09-01,-0.251,,-0.245,-0.240,-0.250,
1906-10-01,-0.198,,-0.245,-0.239,-0.250,
1906-11-01,-0.276,,-0.244,-0.239,-0.249,
1906-12-01,-0.286,,-0.244,-0.239,-0.249,
1907-01-01,-0.277,,-0.244,-0.239,-0.249,
1907-02-01,-0.317,,-0.244,-0.238,-0.249,
1907-03-01,-0.273,,-0.243,-0.238,-0.248,
1907-04-01,-0.267,,-0.243,-0.238,-0.248,
1907-05-01,-0.291,,-0.243,-0.238,-0.248,
1907-06-01,-0.225,,-0.243,-0.238,-0.248,
1907-07-01,-0.256,,-0.242,-0.237,-0.247,
1907-08-01,-0.276,,-0.242,-0.237,-0.247,
1907-09-01,-0.297,,-0.242,-0.237,-0.247,
1907-10-01,-0.311,,-0.242,-0.237,-0.247,
1907-11-01,-0.212,,-0.241,-0.236,-0.246,
1907-12-01,-0.210,,-0.241,-0.236,-0.246,
1908-01-01,-0.274,,-0.241,-0.236,-0.246,
1908-02-01,-0.323,,-0.241,-0.236,-0.246,
1908-03-01,-0.313,,-0.240,-0.235,-0.246,
1908-04-01,-0.383,,-0.240,-0.235,-0.245,
1908-05-01,-0.261,,-0.240,-0.235,-0.245,
1908-06-01,-0.270,,-0.240,-0.235,-0.245,
1908-07-01,-0.262,,-0.240,-0.235,-0.245,
1908-08-01,-0.173,,-0.239,-0.234,-0.244,
1908-09-01,-0.226,,-0.239,-0.234,-0.244,
1908-10-01,-0.180,,-0.239,-0.234,-0.244,
1908-11-01,-0.359,,-0.239,-0.234,-0.244,
1908-12-01,-0.289,,-0.238,-0.233,-0.243,
1909-01-01,-0.219,,-0.238,-0.233,-0.243,
1909-02-01,-0.256,,-0.238,-0.233,-0.243,
1909-03-01,-0.279,,-0.238,-0.233,-0.243,
1909-04-01,-0.313,,-0.237,-0.232,-0.242,
1909-05-01,-0.178,,-0.237,-0.232,-0.242,
1909-06-01,-0.240,,-0.237,-0.232,-0.242,
1909-07-01,-0.244,,-0.237,-0.232,-0.242,
1909-08-01,-0.188,,-0.236,-0.231,-0.241,
1909-09-01,-0.220,,-0.236,-0.231,-0.241,
1909-10-01,-0.305,,-0.236,-0.231,-0.241,
1909-11-01,-0.224,,-0.236,-0.231,-0.241,
1909-12-01,-0.168,,-0.235,-0.231,-0.240,
1910-01-01,-0.173,,-0.235,-0.230,-0.240,
1910-02-01,-0.250,,-0.235,-0.230,-0.240,
1910-03-01,-0.227,,-0.235,-0.230,-0.240,
1910-04-01,-0.157,,-0.235,-0.230,-0.239,
1910-05-01,-0.233,,-0.234,-0.229,-0.239,
1910-06-01,-0.200,,-0.234,-0.229,-0.239,
1910-07-01,-0.211,,-0.234,-0.229,-0.239,
1910-08-01,-0.270,,-0.234,-0.229,-0.238,
1910-09-01,-0.211,,-0.233,-0.228,-0.238,
1910-10-01,-0.253,,-0.233,-0.228,-0.238,
1910-11-01,-0.197,,-0.233,-0.228,-0.238,
1910-12-01,-0.216,,-0.233,-0.228,-0.237,
1911-01-01,-0.274,,-0.232,-0.227,-0.237,
1911-02-01,-0.162,,-0.232,-0.227,-0.237,
1911-03-01,-0.297,,-0.232,-0.227,-0.237,
1911-04-01,-0.243,,-0.232,-0.227,-0.237,
1911-05-01,-0.257,,-0.231,-0.227,-0.236,
1911-06-01,-0.197,,-0.231,-0.226,-0.236,
1911-07-01,-0.272,,-0.231,-0.226,-0.236,
1911-08-01,-0.243,,-0.231,-0.226,-0.236,
1911-09-01,-0.169,,-0.230,-0.226,-0.235,
1911-10-01,-0.156,,-0.230,-0.225,-0.235,
1911-11-01,-0.310,,-0.230,-0.225,-0.235,
1911-12-01,-0.232,,-0.230,-0.225,-0.235,
1912-01-01,-0.341,,-0.229,-0.225,-0.234,
1912-02-01,-0.314,,-0.229,-0.224,-0.234,
1912-03-01,-0.294,,-0.229,-0.224,-0.234,
1912-04-01,-0.310,,-0.229,-0.224,-0.234,
1912-05-01,-0.270,,-0.229,-0.224,-0.233,
1912-06-01,-0.307,,-0.228,-0.223,-0.233,
1912-07-01,-0.302,,-0.228,-0.223,-0.233,
1912-08-01,-0.264,,-0.228,-0.223,-0.233,
1912-09-01,-0.202,,-0.228,-0.223,-0.232,
1912-10-01,-0.259,,-0.227,-0.223,-0.232,
1912-11-01,-0.264,,-0.227,-0.222,-0.232,
1912-12-01,-0.326,,-0.227,-0.222,-0.232,
1913-01-01,-0.274,,-0.227,-0.222,-0.231,
1913-02-01,-0.330,,-0.226,-0.222,-0.231,
1913-03-01,-0.410,,-0.226,-0.221,-0.231,
1913-04-01,-0.273,,-0.226,-0.221,-0.231,
1913-05-01,-0.264,,-0.226,-0.221,-0.230,
1913-06-01,-0.277,,-0.225,-0.221,-0.230,
1913-07-01,-0.287,,-0.225,-0.220,-0.230,
1913-08-01,-0.240,,-0.225,-0.220,-0.230,
1913-09-01,-0.260,,-0.225,-0.220,-0.229,
1913-10-01,-0.159,,-0.224,-0.220,-0.229,
1913-11-01,-0.240,,-0.224,-0.219,-0.229,
1913-12-01,-0.250,,-0.224,-0.219,-0.229,
1914-01-01,-0.124,,-0.224,-0.219,-0.228,
1914-02-01,-0.293,,-0.224,-0.219,-0.228,
1914-03-01,-0.249,,-0.223,-0.219,-0.228,
1914-04-01,-0.246,,-0.223,-0.218,-0.228,
1914-05-01,-0.230,,-0.223,-0.218,-0.228,
1914-06-01,-0.264,,-0.223,-0.218,-0.227,
1914-07-01,-0.214,,-0.222,-0.218,-0.227,
1914-08-01,-0.261,,-0.222,-0.217,-0.227,
1914-09-01,-0.251,,-0.222,-0.217,-0.227,
1914-10-01,-0.210,,-0.222,-0.217,-0.226,
1914-11-01,-0.295,,-0.221,-0.217,-0.226,
1914-12-01,-0.171,,-0.221,-0.216,-0.226,
1915-01-01,-0.164,,-0.221,-0.216,-0.226,
1915-02-01,-0.144,,-0.221,-0.216,-0.225,
1915-03-01,-0.224,,-0.220,-0.216,-0.225,
1915-04-01,-0.301,,-0.220,-0.215,-0.225,
1915-05-01,-0.254,,-0.220,-0.215,-0.225,
1915-06-01,-0.225,,-0.220,-0.215,-0.224,
1915-07-01,-0.198,,-0.219,-0.215,-0.224,
1915-08-01,-0.170,,-0.219,-0.215,-0.224,
1915-09-01,-0.269,,-0.219,-0.214,-0.224,
1915-10-01,-0.210,,-0.219,-0.214,-0.223,
1915-11-01,-0.228,,-0.218,-0.214,-0.223,
1915-12-01,-0.241,,-0.218,-0.214,-0.223,
1916-01-01,-0.249,,-0.218,-0.213,-0.223,
1916-02-01,-0.241,,-0.218,-0.213,-0.222,
1916-03-01,-0.218,,-0.218,-0.213,-0.222,
1916-04-01,-0.145,,-0.217,-0.213,-0.222,
1916-05-01,-0.221,,-0.217,-0.212,-0.222,
1916-06-01,-0.158,,-0.217,-0.212,-0.221,
1916-07-01,-0.256,,-0.217,-0.212,-0.221,
1916-08-01,-0.215,,-0.216,-0.212,-0.221,
1916-09-01,-0.233,,-0.216,-0.211,-0.221,
1916-10-01,-0.247,,-0.216,-0.211,-0.220,
1916-11-01,-0.246,,-0.216,-0.211,-0.220,
1916-12-01,-0.338,,-0.215,-0.211,-0.220,
1917-01-01,-0.277,,-0.215,-0.211,-0.220,
1917-02-01,-0.272,,-0.215,-0.210,-0.220,
1917-03-01,-0.209,,-0.215,-0.210,-0.219,
1917-04-01,-0.246,,-0.214,-0.210,-0.219,
1917-05-01,-0.145,,-0.214,-0.210,-0.219,
1917-06-01,-0.219,,-0.214,-0.209,-0.219,
1917-07-01,-0.198,,-0.214,-0.209,-0.218,
1917-08-01,-0.206,,-0.213,-0.209,-0.218,
1917-09-01,-0.226,,-0.213,-0.209,-0.218,
1917-10-01,-0.217,,-0.213,-0.208,-0.218,
1917-11-01,-0.221,,-0.213,-0.208,-0.217,
1917-12-01,-0.225,,-0.213,-0.208,-0.217,
1918-01-01,-0.176,,-0.212,-0.208,-0.217,
1918-02-01,-0.202,,-0.212,-0.207,-0.217,
1918-03-01,-0.182,,-0.212,-0.207,-0.216,
1918-04-01,-0.169,,-0.212,-0.207,-0.216,
1918-05-01,-0.340,,-0.211,-0.207,-0.216,
1918-06-01,-0.234,,-0.211,-0.207,-0.216,
1918-07-01,-0.226,,-0.211,-0.206,-0.215,
1918-08-01,-0.243,,-0.211,-0.206,-0.215,
1918-09-01,-0.281,,-0.210,-0.206,-0.215,
1918-10-01,-0.299,,-0.210,-0.206,-0.215,
1918-11-01,-0.237,,-0.210,-0.205,-0.214,
1918-12-01,-0.125,,-0.210,-0.205,-0.214,
1919-01-01,-0.237,,-0.209,-0.205,-0.214,
1919-02-01,-0.186,,-0.209,-0.205,-0.214,
1919-03-01,-0.182,,-0.209,-0.204,-0.213,
1919-04-01,-0.218,,-0.209,-0.204,-0.213,
1919-05-01,-0.142,,-0.208,-0.204,-0.213,
1919-06-01,-0.164,,-0.208,-0.204,-0.213,
1919-07-01,-0.198,,-0.208,-0.203,-0.212,
1919-08-01,-0.139,,-0.208,-0.203,-0.212,
1919-09-01,-0.196,,-0.208,-0.203,-0.212,
1919-10-01,-0.156,,-0.207,-0.203,-0.212,
1919-11-01,-0.090,,-0.207,-0.203,-0.212,
1919-12-01,-0.201,,-0.207,-0.202,-0.211,
1920-01-01,,,-0.207,-0.202,-0.211,
1920-02-01,,,-0.206,-0.202,-0.211,
1920-03-01,,,-0.206,-0.202,-0.211,
1920-04-01,,,-0.206,-0.201,-0.210,
1920-05-01,,,-0.206,-0.201,-0.210,
1920-06-01,-0.152,,-0.205,-0.201,-0.210,
1920-07-01,-0.211,,-0.205,-0.201,-0.210,
1920-08-01,-0.182,,-0.205,-0.200,-0.209,
1920-09-01,-0.196,,-0.205,-0.200,-0.209,
1920-10-01,-0.183,,-0.204,-0.200,-0.209,
1920-11-01,-0.160,,-0.204,-0.200,-0.209,
1920-12-01,-0.125,,-0.204,-0.199,-0.208,
1921-01-01,-0.197,,-0.204,-0.199,-0.208,
1921-02-01,-0.074,,-0.203,-0.199,-0.208,
1921-03-01,-0.200,,-0.203,-0.199,-0.208,
1921-04-01,-0.154,,-0.203,-0.199,-0.207,
1921-05-01,-0.065,,-0.203,-0.198,-0.207,
1921-06-01,-0.173,,-0.202,-0.198,-0.207,
1921-07-01,-0.171,,-0.202,-0.198,-0.207,
1921-08-01,-0.225,,-0.202,-0.198,-0.206,
1921-09-01,-0.196,,-0.202,-0.197,-0.206,
1921-10-01,-0.274,,-0.202,-0.197,-0.206,
1921-11-01,-0.145,,-0.201,-0.197,-0.206,
1921-12-01,-0.207,,-0.201,-0.197,-0.205,
1922-01-01,-0.268,,-0.201,-0.196,-0.205,
1922-02-01,-0.202,,-0.201,-0.196,-0.205,
1922-03-01,-0.215,,-0.200,-0.196,-0.205,
1922-04-01,-0.240,,-0.200,-0.196,-0.205,
1922-05-01,-0.224,,-0.200,-0.195,-0.204,
1922-06-01,-0.209,,-0.200,-0.195,-0.204,
1922-07-01,-0.198,,-0.199,-0.195,-0.204,
1922-08-01,-0.221,,-0.199,-0.195,-0.204,
1922-09-01,-0.211,,-0.199,-0.195,-0.203,
1922-10-01,-0.220,,-0.199,-0.194,-0.203,
1922-11-01,-0.221,,-0.198,-0.194,-0.203,
1922-12-01,-0.186,,-0.198,-0.194,-0.203,
1923-01-01,-0.164,,-0.198,-0.194,-0.202,
1923-02-01,-0.220,,-0.198,-0.193,-0.202,
1923-03-01,-0.236,,-0.197,-0.193,-0.202,
1923-04-01,-0.209,,-0.197,-0.193,-0.202,
1923-05-01,-0.236,,-0.197,-0.193,-0.201,
1923-06-01,-0.231,,-0.197,-0.192,-0.201,
1923-07-01,-0.217,,-0.197,-0.192,-0.201,
1923-08-01,-0.234,,-0.196,-0.192,-0.201,
1923-09-01,-0.248,,-0.196,-0.192,-0.200,
1923-10-01,-0.204,,-0.196,-0.191,-0.200,
1923-11-01,-0.136,,-0.196,-0.191,-0.200,
1923-12-01,-0.198,,-0.195,-0.191,-0.200,
1924-01-01,-0.289,,-0.195,-0.191,-0.199,
1924-02-01,-0.110,,-0.195,-0.191,-0.199,
1924-03-01,-0.069,,-0.195,-0.190,-0.199,
1924-04-01,-0.203,,-0.194,-0.190,-0.199,
1924-05-01,-0.145,,-0.194,-0.190,-0.198,
1924-06-01,-0.203,,-0.194,-0.190,-0.198,
1924-07-01,-0.232,,-0.194,-0.189,-0.198,
1924-08-01,-0.197,,-0.193,-0.189,-0.198,
1924-09-01,-0.223,,-0.193,-0.189,-0.197,
1924-10-01,-0.223,,-0.193,-0.189,-0.197,
1924-11-01,-0.237,,-0.193,-0.188,-0.197,
1924-12-01,-0.314,,-0.192,-0.188,-0.197,
1925-01-01,-0.112,,-0.192,-0.188,-0.197,
1925-02-01,-0.195,,-0.192,-0.188,-0.196,
1925-03-01,-0.279,,-0.192,-0.187,-0.196,
1925-04-01,-0.224,,-0.191,-0.187,-0.196,
1925-05-01,-0.236,,-0.191,-0.187,-0.196,
1925-06-01,-0.246,,-0.191,-0.187,-0.195,
1925-07-01,-0.223,,-0.191,-0.186,-0.195,
1925-08-01,-0.240,,-0.191,-0.186,-0.195,
1925-09-01,-0.199,,-0.190,-0.186,-0.195,
1925-10-01,-0.287,,-0.190,-0.186,-0.194,
1925-11-01,-0.261,,-0.190,-0.186,-0.194,
1925-12-01,-0.256,,-0.190,-0.185,-0.194,
1926-01-01,-0.301,,-0.189,-0.185,-0.194,
1926-02-01,-0.168,,-0.189,-0.185,-0.193,
1926-03-01,-0.306,,-0.189,-0.185,-0.193,
1926-04-01,-0.285,,-0.189,-0.184,-0.193,
1926-05-01,-0.248,,-0.188,-0.184,-0.193,
1926-06-01,-0.246,,-0.188,-0.184,-0.192,
1926-07-01,-0.226,,-0.188,-0.184,-0.192,
1926-08-01,-0.170,,-0.188,-0.183,-0.192,
1926-09-01,-0.175,,-0.187,-0.183,-0.192,
1926-10-01,-0.207,,-0.187,-0.183,-0.191,
1926-11-01,-0.267,,-0.187,-0.183,-0.191,
1926-12-01,-0.195,,-0.187,-0.182,-0.191,
1927-01-01,-0.289,,-0.186,-0.182,-0.191,
1927-02-01,-0.119,,-0.186,-0.182,-0.190,
1927-03-01,-0.160,,-0.186,-0.182,-0.190,
1927-04-01,-0.237,,-0.186,-0.182,-0.190,
1927-05-01,-0.200,,-0.186,-0.181,-0.190,
1927-06-01,-0.209,,-0.185,-0.181,-0.190,
1927-07-01,-0.235,,-0.185,-0.181,-0.189,
1927-08-01,-0.164,,-0.185,-0.181,-0.189,
1927-09-01,-0.217,,-0.185,-0.180,-0.189,
1927-10-01,-0.189,,-0.184,-0.180,-0.189,
1927-11-01,-0.200,,-0.184,-0.180,-0.188,
1927-12-01,-0.149,,-0.184,-0.180,-0.188,
1928-01-01,-0.313,,-0.184,-0.179,-0.188,
1928-02-01,-0.253,,-0.183,-0.179,-0.188,
1928-03-01,-0.249,,-0.183,-0.179,-0.187,
1928-04-01,-0.285,,-0.183,-0.179,-0.187,
1928-05-01,-0.218,,-0.183,-0.178,-0.187,
1928-06-01,-0.200,,-0.182,-0.178,-0.187,
1928-07-01,-0.201,,-0.182,-0.178,-0.186,
1928-08-01,-0.170,,-0.182,-0.178,-0.186,
1928-09-01,-0.175,,-0.182,-0.178,-0.186,
1928-10-01,-0.287,,-0.181,-0.177,-0.186,
1928-11-01,-0.301,,-0.181,-0.177,-0.185,
1928-12-01,-0.286,,-0.181,-0.177,-0.185,
1929-01-01,-0.371,,-0.181,-0.177,-0.185,
1929-02-01,-0.159,,-0.181,-0.176,-0.185,
1929-03-01,-0.215,,-0.180,-0.176,-0.184,
1929-04-01,-0.112,,-0.180,-0.176,-0.184,
1929-05-01,-0.297,,-0.180,-0.176,-0.184,
1929-06-01,-0.188,,-0.180,-0.175,-0.184,
1929-07-01,-0.238,,-0.179,-0.175,-0.183,
1929-08-01,-0.234,,-0.179,-0.175,-0.183,
1929-09-01,-0.208,,-0.179,-0.175,-0.183,
1929-10-01,-0.274,,-0.179,-0.174,-0.183,
1929-11-01,-0.228,,-0.178,-0.174,-0.183,
1929-12-01,-0.228,,-0.178,-0.174,-0.182,
1930-01-01,-0.216,,-0.178,-0.174,-0.182,
1930-02-01,-0.208,,-0.178,-0.173,-0.182,
1930-03-01,-0.273,,-0.177,-0.173,-0.182,
1930-04-01,-0.313,,-0.177,-0.173,-0.181,
1930-05-01,-0.276,,-0.177,-0.173,-0.181,
1930-06-01,-0.289,,-0.177,-0.173,-0.181,
1930-07-01,-0.232,,-0.176,-0.172,-0.181,
1930-08-01,-0.203,,-0.176,-0.172,-0.180,
1930-09-01,-0.229,,-0.176,-0.172,-0.180,
1930-10-01,-0.162,,-0.176,-0.172,-0.180,
1930-11-01,-0.301,,-0.175,-0.171,-0.180,
1930-12-01,-0.195,,-0.175,-0.171,-0.179,
1931-01-01,-0.234,,-0.175,-0.171,-0.179,
1931-02-01,-0.211,,-0.175,-0.171,-0.179,
1931-03-01,-0.038,,-0.175,-0.170,-0.179,
1931-04-01,-0.237,,-0.174,-0.170,-0.178,
1931-05-01,-0.221,,-0.174,-0.170,-0.178,
1931-06-01,-0.170,,-0.174,-0.170,-0.178,
1931-07-01,-0.150,,-0.174,-0.169,-0.178,
1931-08-01,-0.157,,-0.173,-0.169,-0.177,
1931-09-01,-0.196,,-0.173,-0.169,-0.177,
1931-10-01,-0.220,,-0.173,-0.169,-0.177,
1931-11-01,-0.270,,-0.173,-0.169,-0.177,
1931-12-01,-0.250,,-0.172,-0.168,-0.177,
1932-01-01,-0.121,,-0.172,-0.168,-0.176,
1932-02-01,-0.144,,-0.172,-0.168,-0.176,
1932-03-01,-0.288,,-0.172,-0.168,-0.176,
1932-04-01,-0.249,,-0.171,-0.167,-0.176,
1932-05-01,-0.267,,-0.171,-0.167,-0.175,
1932-06-01,-0.216,,-0.171,-0.167,-0.175,
1932-07-01,-0.195,,-0.171,-0.167,-0.175,
1932-08-01,-0.215,,-0.170,-0.166,-0.175,
1932-09-01,-0.172,,-0.170,-0.166,-0.174,
1932-10-01,-0.250,,-0.170,-0.166,-0.174,
1932-11-01,-0.090,,-0.170,-0.166,-0.174,
1932-12-01,-0.180,,-0.170,-0.165,-0.174,
1933-01-01,-0.079,,-0.169,-0.165,-0.173,
1933-02-01,-0.256,,-0.169,-0.165,-0.173,
1933-03-01,-0.212,,-0.169,-0.165,-0.173,
1933-04-01,-0.136,,-0.169,-0.164,-0.173,
1933-05-01,-0.169,,-0.168,-0.164,-0.172,
1933-06-01,-0.161,,-0.168,-0.164,-0.172,
1933-07-01,-0.137,,-0.168,-0.164,-0.172,
1933-08-01,-0.124,,-0.168,-0.164,-0.172,
1933-09-01,-0.123,,-0.167,-0.163,-0.171,
1933-10-01,-0.174,,-0.167,-0.163,-0.171,
1933-11-01,-0.252,,-0.167,-0.163,-0.171,
1933-12-01,-0.216,,-0.167,-0.163,-0.171,
1934-01-01,-0.210,,-0.166,-0.162,-0.170,
1934-02-01,-0.302,,-0.166,-0.162,-0.170,
1934-03-01,-0.246,,-0.166,-0.162,-0.170,
1934-04-01,-0.176,,-0.166,-0.162,-0.170,
1934-05-01,-0.242,,-0.165,-0.161,-0.170,
1934-06-01,-0.185,,-0.165,-0.161,-0.169,
1934-07-01,-0.189,,-0.165,-0.161,-0.169,
1934-08-01,-0.206,,-0.165,-0.161,-0.169,
1934-09-01,-0.156,,-0.165,-0.160,-0.169,
1934-10-01,-0.192,,-0.164,-0.160,-0.168,
1934-11-01,-0.228,,-0.164,-0.160,-0.168,
1934-12-01,-0.247,,-0.164,-0.160,-0.168,
1935-01-01,-0.204,,-0.164,-0.159,-0.168,
1935-02-01,-0.235,,-0.163,-0.159,-0.167,
1935-03-01,-0.206,,-0.163,-0.159,-0.167,
1935-04-01,-0.118,,-0.163,-0.159,-0.167,
1935-05-01,-0.233,,-0.163,-0.159,-0.167,
1935-06-01,-0.155,,-0.162,-0.158,-0.166,
1935-07-01,-0.174,,-0.162,-0.158,-0.166,
1935-08-01,-0.170,,-0.162,-0.158,-0.166,
1935-09-01,-0.190,,-0.162,-0.158,-0.166,
1935-10-01,-0.213,,-0.161,-0.157,-0.165,
1935-11-01,-0.014,,-0.161,-0.157,-0.165,
1935-12-01,-0.158,,-0.161,-0.157,-0.165,
1936-01-01,-0.228,,-0.161,-0.157,-0.165,
1936-02-01,-0.186,,-0.160,-0.156,-0.164,
1936-03-01,-0.084,,-0.160,-0.156,-0.164,
1936-04-01,-0.227,,-0.160,-0.156,-0.164,
1936-05-01,-0.264,,-0.160,-0.156,-0.164,
1936-06-01,-0.182,,-0.159,-0.155,-0.164,
1936-07-01,-0.134,,-0.159,-0.155,-0.163,
1936-08-01,-0.200,,-0.159,-0.155,-0.163,
1936-09-01,-0.178,,-0.159,-0.155,-0.163,
1936-10-01,-0.189,,-0.159,-0.154,-0.163,
1936-11-01,-0.276,,-0.158,-0.154,-0.162,
1936-12-01,-0.186,,-0.158,-0.154,-0.162,
1937-01-01,-0.112,,-0.158,-0.154,-0.162,
1937-02-01,-0.049,,-0.158,-0.154,-0.162,
1937-03-01,-0.252,,-0.157,-0.153,-0.161,
1937-04-01,-0.121,,-0.157,-0.153,-0.161,
1937-05-01,-0.169,,-0.157,-0.153,-0.161,
1937-06-01,-0.164,,-0.157,-0.153,-0.161,
1937-07-01,-0.137,,-0.156,-0.152,-0.160,
1937-08-01,-0.209,,-0.156,-0.152,-0.160,
1937-09-01,-0.169,,-0.156,-0.152,-0.160,
1937-10-01,-0.180,,-0.156,-0.152,-0.160,
1937-11-01,-0.182,,-0.155,-0.151,-0.159,
1937-12-01,-0.164,,-0.155,-0.151,-0.159,
1938-01-01,-0.063,,-0.155,-0.151,-0.159,
1938-02-01,-0.098,,-0.155,-0.151,-0.159,
1938-03-01,-0.133,,-0.154,-0.150,-0.158,
1938-04-01,-0.194,,-0.154,-0.150,-0.158,
1938-05-01,-0.163,,-0.154,-0.150,-0.158,
1938-06-01,-0.179,,-0.154,-0.150,-0.158,
1938-07-01,-0.189,,-0.154,-0.149,-0.158,
1938-08-01,-0.176,,-0.153,-0.149,-0.157,
1938-09-01,-0.159,,-0.153,-0.149,-0.157,
1938-10-01,-0.076,,-0.153,-0.149,-0.157,
1938-11-01,-0.167,,-0.153,-0.149,-0.157,
1938-12-01,-0.128,,-0.152,-0.148,-0.156,
1939-01-01,-0.152,,-0.152,-0.148,-0.156,
1939-02-01,-0.134,,-0.152,-0.148,-0.156,
1939-03-01,-0.127,,-0.152,-0.148,-0.156,
1939-04-01,-0.148,,-0.151,-0.147,-0.155,
1939-05-01,-0.120,,-0.151,-0.147,-0.155,
1939-06-01,-0.127,,-0.151,-0.147,-0.155,
1939-07-01,-0.140,,-0.151,-0.147,-0.155,
1939-08-01,-0.103,,-0.150,-0.146,-0.154,
1939-09-01,-0.135,,-0.150,-0.146,-0.154,
1939-10-01,-0.168,,-0.150,-0.146,-0.154,
1939-11-01,-0.164,,-0.150,-0.146,-0.154,
1939-12-01,-0.201,,-0.149,-0.145,-0.153,
1940-01-01,-0.210,,-0.149,-0.145,-0.153,
1940-02-01,-0.028,,-0.149,-0.145,-0.153,
1940-03-01,-0.203,,-0.149,-0.145,-0.153,
1940-04-01,-0.142,,-0.148,-0.144,-0.153,
1940-05-01,-0.075,,-0.148,-0.144,-0.152,
1940-06-01,-0.127,,-0.148,-0.144,-0.152,
1940-07-01,-0.168,,-0.148,-0.144,-0.152,
1940-08-01,-0.148,,-0.148,-0.144,-0.152,
1940-09-01,-0.147,,-0.147,-0.143,-0.151,
1940-10-01,-0.137,,-0.147,-0.143,-0.151,
1940-11-01,-0.203,,-0.147,-0.143,-0.151,
1940-12-01,-0.128,,-0.147,-0.143,-0.151,
1941-01-01,-0.063,,-0.146,-0.142,-0.150,
1941-02-01,-0.177,,-0.146,-0.142,-0.150,
1941-03-01,-0.242,,-0.146,-0.142,-0.150,
1941-04-01,-0.130,,-0.146,-0.142,-0.150,
1941-05-01,-0.181,,-0.145,-0.141,-0.149,
1941-06-01,-0.139,,-0.145,-0.141,-0.149,
1941-07-01,-0.147,,-0.145,-0.141,-0.149,
1941-08-01,-0.173,,-0.145,-0.141,-0.149,
1941-09-01,-0.193,,-0.144,-0.140,-0.148,
1941-10-01,-0.210,,-0.144,-0.140,-0.148,
1941-11-01,-0.197,,-0.144,-0.140,-0.148,
1941-12-01,-0.158,,-0.144,-0.140,-0.148,
1942-01-01,-0.140,,-0.143,-0.139,-0.147,
1942-02-01,-0.195,,-0.143,-0.139,-0.147,
1942-03-01,-0.081,,-0.143,-0.139,-0.147,
1942-04-01,-0.136,,-0.143,-0.139,-0.147,
1942-05-01,-0.148,,-0.143,-0.139,-0.147,
1942-06-01,-0.100,,-0.142,-0.138,-0.146,
1942-07-01,-0.116,,-0.142,-0.138,-0.146,
1942-08-01,-0.130,,-0.142,-0.138,-0.146,
1942-09-01,-0.089,,-0.142,-0.138,-0.146,
1942-10-01,-0.098,,-0.141,-0.137,-0.145,
1942-11-01,-0.145,,-0.141,-0.137,-0.145,
1942-12-01,-0.186,,-0.141,-0.137,-0.145,
1943-01-01,-0.130,,-0.141,-0.137,-0.145,
1943-02-01,-0.180,,-0.140,-0.136,-0.144,
1943-03-01,-0.163,,-0.140,-0.136,-0.144,
1943-04-01,-0.206,,-0.140,-0.136,-0.144,
1943-05-01,-0.169,,-0.140,-0.136,-0.144,
1943-06-01,-0.142,,-0.139,-0.135,-0.143,
1943-07-01,-0.134,,-0.139,-0.135,-0.143,
1943-08-01,-0.115,,-0.139,-0.135,-0.143,
1943-09-01,-0.114,,-0.139,-0.135,-0.143,
1943-10-01,-0.079,,-0.138,-0.134,-0.142,
1943-11-01,-0.139,,-0.138,-0.134,-0.142,
1943-12-01,-0.250,,-0.138,-0.134,-0.142,
1944-01-01,-0.133,,-0.138,-0.134,-0.142,
1944-02-01,-0.171,,-0.138,-0.134,-0.142,
1944-03-01,-0.130,,-0.137,-0.133,-0.141,
1944-04-01,-0.139,,-0.137,-0.133,-0.141,
1944-05-01,-0.175,,-0.137,-0.133,-0.141,
1944-06-01,-0.115,,-0.137,-0.133,-0.141,
1944-07-01,-0.125,,-0.136,-0.132,-0.140,
1944-08-01,-0.148,,-0.136,-0.132,-0.140,
1944-09-01,-0.147,,-0.136,-0.132,-0.140,
1944-10-01,-0.128,,-0.136,-0.132,-0.140,
1944-11-01,0.010,,-0.135,-0.131,-0.139,
1944-12-01,-0.207,,-0.135,-0.131,-0.139,
1945-01-01,-0.197,,-0.135,-0.131,-0.139,
1945-02-01,-0.159,,-0.135,-0.131,-0.139,
1945-03-01,-0.075,,-0.134,-0.130,-0.138,
1945-04-01,-0.160,,-0.134,-0.130,-0.138,
1945-05-01,-0.075,,-0.134,-0.130,-0.138,
1945-06-01,-0.109,,-0.134,-0.130,-0.138,
1945-07-01,-0.095,,-0.133,-0.129,-0.137,
1945-08-01,-0.118,,-0.133,-0.129,-0.137,
1945-09-01,-0.098,,-0.133,-0.129,-0.137,
1945-10-01,-0.131,,-0.133,-0.129,-0.137,
1945-11-01,-0.023,,-0.132,-0.128,-0.136,
1945-12-01,-0.000,,-0.132,-0.128,-0.136,
1946-01-01,-0.124,,-0.132,-0.128,-0.136,
1946-02-01,-0.159,,-0.132,-0.128,-0.136,
1946-03-01,-0.072,,-0.132,-0.128,-0.136,
1946-04-01,-0.121,,-0.131,-0.127,-0.135,
1946-05-01,-0.111,,-0.131,-0.127,-0.135,
1946-06-01,-0.136,,-0.131,-0.127,-0.135,
1946-07-01,-0.122,,-0.131,-0.127,-0.135,
1946-08-01,-0.084,,-0.130,-0.126,-0.134,
1946-09-01,-0.108,,-0.130,-0.126,-0.134,
1946-10-01,-0.095,,-0.130,-0.126,-0.134,
1946-11-01,-0.118,,-0.130,-0.126,-0.134,
1946-12-01,-0.186,,-0.129,-0.125,-0.133,
1947-01-01,-0.130,,-0.129,-0.125,-0.133,
1947-02-01,-0.217,,-0.129,-0.125,-0.133,
1947-03-01,-0.157,,-0.129,-0.125,-0.133,
1947-04-01,-0.145,,-0.128,-0.124,-0.132,
1947-05-01,-0.120,,-0.128,-0.124,-0.132,
1947-06-01,-0.084,,-0.128,-0.124,-0.132,
1947-07-01,-0.119,,-0.128,-0.124,-0.132,
1947-08-01,-0.100,,-0.127,-0.123,-0.131,
1947-09-01,-0.120,,-0.127,-0.123,-0.131,
1947-10-01,-0.153,,-0.127,-0.123,-0.131,
1947-11-01,0.001,,-0.127,-0.123,-0.131,
1947-12-01,-0.228,,-0.127,-0.122,-0.131,
1948-01-01,-0.140,,-0.126,-0.122,-0.130,
1948-02-01,-0.083,,-0.126,-0.122,-0.130,
1948-03-01,-0.066,,-0.126,-0.122,-0.130,
1948-04-01,-0.160,,-0.126,-0.122,-0.130,
1948-05-01,-0.084,,-0.125,-0.121,-0.129,
1948-06-01,-0.072,,-0.125,-0.121,-0.129,
1948-07-01,-0.101,,-0.125,-0.121,-0.129,
1948-08-01,-0.133,,-0.125,-0.121,-0.129,
1948-09-01,-0.126,,-0.124,-0.120,-0.128,
1948-10-01,-0.034,,-0.124,-0.120,-0.128,
1948-11-01,-0.081,,-0.124,-0.120,-0.128,
1948-12-01,-0.033,,-0.124,-0.120,-0.128,
1949-01-01,-0.039,,-0.123,-0.119,-0.127,
1949-02-01,-0.055,,-0.123,-0.119,-0.127,
1949-03-01,-0.178,,-0.123,-0.119,-0.127,
1949-04-01,-0.139,,-0.123,-0.119,-0.127,
1949-05-01,-0.120,,-0.122,-0.118,-0.126,
1949-06-01,-0.161,,-0.122,-0.118,-0.126,
1949-07-01,-0.125,,-0.122,-0.118,-0.126,
1949-08-01,-0.115,,-0.122,-0.118,-0.126,
1949-09-01,-0.153,,-0.121,-0.117,-0.126,
1949-10-01,-0.085,,-0.121,-0.117,-0.125,
1949-11-01,-0.106,,-0.121,-0.117,-0.125,
1949-12-01,-0.225,,-0.121,-0.117,-0.125,
1950-01-01,-0.167,,-0.121,-0.117,-0.125,
1950-02-01,-0.113,,-0.120,-0.116,-0.124,
1950-03-01,-0.291,,-0.120,-0.116,-0.124,
1950-04-01,-0.185,,-0.120,-0.116,-0.124,
1950-05-01,-0.200,,-0.120,-0.116,-0.124,
1950-06-01,-0.216,,-0.119,-0.115,-0.123,
1950-07-01,-0.192,,-0.119,-0.115,-0.123,
1950-08-01,-0.157,,-0.119,-0.115,-0.123,
1950-09-01,-0.117,,-0.119,-0.115,-0.123,
1950-10-01,-0.125,,-0.118,-0.114,-0.122,
1950-11-01,-0.048,,-0.118,-0.114,-0.122,
1950-12-01,-0.040,,-0.118,-0.114,-0.122,
1951-01-01,-0.121,,-0.118,-0.114,-0.122,
1951-02-01,-0.110,,-0.117,-0.113,-0.121,
1951-03-01,0.020,,-0.117,-0.113,-0.121,
1951-04-01,-0.112,,-0.117,-0.113,-0.121,
1951-05-01,-0.072,,-0.117,-0.113,-0.121,
1951-06-01,-0.045,,-0.116,-0.112,-0.121,
1951-07-01,-0.134,,-0.116,-0.112,-0.120,
1951-08-01,-0.103,,-0.116,-0.112,-0.120,
1951-09-01,-0.129,,-0.116,-0.112,-0.120,
1951-10-01,-0.073,,-0.116,-0.111,-0.120,
1951-11-01,-0.118,,-0.115,-0.111,-0.119,
1951-12-01,-0.152,,-0.115,-0.111,-0.119,
1952-01-01,-0.069,,-0.115,-0.111,-0.119,
1952-02-01,-0.074,,-0.115,-0.110,-0.119,
1952-03-01,-0.063,,-0.114,-0.110,-0.118,
1952-04-01,-0.099,,-0.114,-0.110,-0.118,
1952-05-01,-0.075,,-0.114,-0.110,-0.118,
1952-06-01,-0.115,,-0.114,-0.110,-0.118,
1952-07-01,-0.153,,-0.113,-0.109,-0.117,
1952-08-01,-0.145,,-0.113,-0.109,-0.117,
1952-09-01,-0.108,,-0.113,-0.109,-0.117,
1952-10-01,-0.195,,-0.113,-0.109,-0.117,
1952-11-01,-0.084,,-0.112,-0.108,-0.117,
1952-12-01,0.012,,-0.112,-0.108,-0.116,
1953-01-01,0.028,,-0.112,-0.108,-0.116,
1953-02-01,-0.153,,-0.112,-0.108,-0.116,
1953-03-01,-0.063,,-0.111,-0.107,-0.116,
1953-04-01,-0.099,,-0.111,-0.107,-0.115,
1953-05-01,-0.047,,-0.111,-0.107,-0.115,
1953-06-01,-0.142,,-0.111,-0.107,-0.115,
1953-07-01,-0.122,,-0.111,-0.106,-0.115,
1953-08-01,-0.115,,-0.110,-0.106,-0.114,
1953-09-01,-0.120,,-0.110,-0.106,-0.114,
1953-10-01,-0.085,,-0.110,-0.106,-0.114,
1953-11-01,-0.057,,-0.110,-0.105,-0.114,
1953-12-01,-0.180,,-0.109,-0.105,-0.113,
1954-01-01,-0.094,,-0.109,-0.105,-0.113,
1954-02-01,-0.070,,-0.109,-0.105,-0.113,
1954-03-01,-0.175,,-0.109,-0.104,-0.113,
1954-04-01,-0.160,,-0.108,-0.104,-0.112,
1954-05-01,-0.053,,-0.108,-0.104,-0.112,
1954-06-01,-0.088,,-0.108,-0.104,-0.112,
1954-07-01,-0.110,,-0.108,-0.104,-0.112,
1954-08-01,-0.148,,-0.107,-0.103,-0.112,
1954-09-01,-0.129,,-0.107,-0.103,-0.111,
1954-10-01,-0.113,,-0.107,-0.103,-0.111,
1954-11-01,-0.127,,-0.107,-0.103,-0.111,
1954-12-01,-0.152,,-0.106,-0.102,-0.111,
1955-01-01,-0.103,,-0.106,-0.102,-0.110,
1955-02-01,-0.119,,-0.106,-0.102,-0.110,
1955-03-01,-0.160,,-0.106,-0.102,-0.110,
1955-04-01,-0.023,,-0.105,-0.101,-0.110,
1955-05-01,-0.126,,-0.105,-0.101,-0.109,
1955-06-01,-0.078,,-0.105,-0.101,-0.109,
1955-07-01,-0.098,,-0.105,-0.101,-0.109,
1955-08-01,-0.042,,-0.105,-0.100,-0.109,
1955-09-01,-0.114,,-0.104,-0.100,-0.108,
1955-10-01,-0.012,,-0.104,-0.100,-0.108,
1955-11-01,-0.087,,-0.104,-0.100,-0.108,
1955-12-01,-0.189,,-0.104,-0.099,-0.108,
1956-01-01,-0.002,,-0.103,-0.099,-0.107,
1956-02-01,-0.113,,-0.103,-0.099,-0.107,
1956-03-01,-0.054,,-0.103,-0.099,-0.107,
1956-04-01,-0.063,,-0.103,-0.098,-0.107,
1956-05-01,-0.157,,-0.102,-0.098,-0.107,
1956-06-01,-0.115,,-0.102,-0.098,-0.106,
1956-07-01,-0.089,,-0.102,-0.098,-0.106,
1956-08-01,-0.051,,-0.102,-0.098,-0.106,
1956-09-01,-0.056,,-0.101,-0.097,-0.106,
1956-10-01,-0.043,,-0.101,-0.097,-0.105,
1956-11-01,-0.078,,-0.101,-0.097,-0.105,
1956-12-01,-0.076,,-0.101,-0.097,-0.105,
1957-01-01,-0.188,,-0.100,-0.096,-0.105,
1957-02-01,-0.074,,-0.100,-0.096,-0.104,
1957-03-01,-0.032,,-0.100,-0.096,-0.104,
1957-04-01,-0.197,,-0.100,-0.096,-0.104,
1957-05-01,-0.133,,-0.100,-0.095,-0.104,
1957-06-01,-0.133,,-0.099,-0.095,-0.103,
1957-07-01,-0.134,,-0.099,-0.095,-0.103,
1957-08-01,-0.136,,-0.099,-0.095,-0.103,
1957-09-01,-0.150,,-0.099,-0.094,-0.103,
1957-10-01,-0.079,,-0.098,-0.094,-0.103,
1957-11-01,-0.124,,-0.098,-0.094,-0.102,
1957-12-01,-0.116,,-0.098,-0.094,-0.102,
1958-01-01,0.001,,-0.098,-0.093,-0.102,
1958-02-01,-0.077,,-0.097,-0.093,-0.102,
1958-03-01,0.099,,-0.097,-0.093,-0.101,
1958-04-01,0.016,,-0.097,-0.093,-0.101,
1958-05-01,-0.108,,-0.097,-0.092,-0.101,
1958-06-01,-0.097,,-0.096,-0.092,-0.101,
1958-07-01,-0.064,,-0.096,-0.092,-0.100,
1958-08-01,-0.078,,-0.096,-0.092,-0.100,
1958-09-01,-0.062,,-0.096,-0.091,-0.100,
1958-10-01,-0.009,,-0.095,-0.091,-0.100,
1958-11-01,-0.130,,-0.095,-0.091,-0.099,
1958-12-01,-0.152,,-0.095,-0.091,-0.099,
1959-01-01,-0.158,,-0.095,-0.091,-0.099,
1959-02-01,-0.183,,-0.095,-0.090,-0.099,
1959-03-01,-0.133,,-0.094,-0.090,-0.098,
1959-04-01,-0.066,,-0.094,-0.090,-0.098,
1959-05-01,-0.212,,-0.094,-0.090,-0.098,
1959-06-01,-0.121,,-0.094,-0.089,-0.098,
1959-07-01,-0.144,,-0.093,-0.089,-0.098,
1959-08-01,-0.118,,-0.093,-0.089,-0.097,
1959-09-01,-0.117,,-0.093,-0.089,-0.097,
1959-10-01,-0.061,,-0.093,-0.088,-0.097,
1959-11-01,-0.115,,-0.092,-0.088,-0.097,
1959-12-01,-0.018,,-0.092,-0.088,-0.096,
1960-01-01,0.019,,-0.092,-0.088,-0.096,
1960-02-01,-0.064,,-0.092,-0.087,-0.096,
1960-03-01,-0.072,,-0.091,-0.087,-0.096,
1960-04-01,-0.090,,-0.091,-0.087,-0.095,
1960-05-01,-0.068,,-0.091,-0.087,-0.095,
1960-06-01,-0.036,,-0.091,-0.086,-0.095,
1960-07-01,-0.073,,-0.090,-0.086,-0.095,
1960-08-01,-0.045,,-0.090,-0.086,-0.094,
1960-09-01,-0.013,,-0.090,-0.086,-0.094,
1960-10-01,-0.055,,-0.090,-0.085,-0.094,
1960-11-01,-0.100,,-0.089,-0.085,-0.094,
1960-12-01,-0.146,,-0.089,-0.085,-0.094,
1961-01-01,-0.118,,-0.089,-0.085,-0.093,
1961-02-01,0.009,,-0.089,-0.084,-0.093,
1961-03-01,0.011,,-0.089,-0.084,-0.093,
1961-04-01,-0.023,,-0.088,-0.084,-0.093,
1961-05-01,-0.084,,-0.088,-0.084,-0.092,
1961-06-01,-0.127,,-0.088,-0.084,-0.092,
1961-07-01,-0.070,,-0.088,-0.083,-0.092,
1961-08-01,-0.185,,-0.087,-0.083,-0.092,
1961-09-01,-0.098,,-0.087,-0.083,-0.091,
1961-10-01,-0.116,,-0.087,-0.083,-0.091,
1961-11-01,-0.160,,-0.087,-0.082,-0.091,
1961-12-01,-0.100,,-0.086,-0.082,-0.091,
1962-01-01,-0.182,,-0.086,-0.082,-0.090,
1962-02-01,0.009,,-0.086,-0.082,-0.090,
1962-03-01,0.129,,-0.086,-0.081,-0.090,
1962-04-01,-0.109,,-0.085,-0.081,-0.090,
1962-05-01,-0.050,,-0.085,-0.081,-0.090,
1962-06-01,-0.045,,-0.085,-0.081,-0.089,
1962-07-01,-0.034,,-0.085,-0.080,-0.089,
1962-08-01,-0.069,,-0.084,-0.080,-0.089,
1962-09-01,-0.089,,-0.084,-0.080,-0.089,
1962-10-01,-0.079,,-0.084,-0.080,-0.088,
1962-11-01,-0.020,,-0.084,-0.079,-0.088,
1962-12-01,-0.088,,-0.084,-0.079,-0.088,
1963-01-01,0.001,,-0.083,-0.079,-0.088,
1963-02-01,-0.223,,-0.083,-0.079,-0.087,
1963-03-01,-0.093,,-0.083,-0.078,-0.087,
1963-04-01,-0.127,,-0.083,-0.078,-0.087,
1963-05-01,-0.175,,-0.082,-0.078,-0.087,
1963-06-01,-0.115,,-0.082,-0.078,-0.086,
1963-07-01,-0.089,,-0.082,-0.077,-0.086,
1963-08-01,-0.124,,-0.082,-0.077,-0.086,
1963-09-01,-0.135,,-0.081,-0.077,-0.086,
1963-10-01,-0.146,,-0.081,-0.077,-0.085,
1963-11-01,-0.057,,-0.081,-0.077,-0.085,
1963-12-01,-0.174,,-0.081,-0.076,-0.085,
1964-01-01,-0.103,,-0.080,-0.076,-0.085,
1964-02-01,-0.116,,-0.080,-0.076,-0.085,
1964-03-01,-0.066,,-0.080,-0.076,-0.084,
1964-04-01,-0.154,,-0.080,-0.075,-0.084,
1964-05-01,-0.111,,-0.079,-0.075,-0.084,
1964-06-01,-0.149,,-0.079,-0.075,-0.084,
1964-07-01,-0.067,,-0.079,-0.075,-0.083,
1964-08-01,-0.081,,-0.079,-0.074,-0.083,
1964-09-01,-0.044,,-0.078,-0.074,-0.083,
1964-10-01,-0.052,,-0.078,-0.074,-0.083,
1964-11-01,0.004,,-0.078,-0.074,-0.082,
1964-12-01,-0.088,,-0.078,-0.073,-0.082,
1965-01-01,-0.021,,-0.078,-0.073,-0.082,
1965-02-01,-0.074,,-0.077,-0.073,-0.082,
1965-03-01,-0.096,,-0.077,-0.073,-0.081,
1965-04-01,-0.072,,-0.077,-0.072,-0.081,
1965-05-01,-0.111,,-0.077,-0.072,-0.081,
1965-06-01,-0.078,,-0.076,-0.072,-0.081,
1965-07-01,-0.064,,-0.076,-0.072,-0.081,
1965-08-01,-0.136,,-0.076,-0.071,-0.080,
1965-09-01,-0.092,,-0.076,-0.071,-0.080,
1965-10-01,-0.110,,-0.075,-0.071,-0.080,
1965-11-01,-0.078,,-0.075,-0.071,-0.080,
1965-12-01,-0.021,,-0.075,-0.070,-0.079,
1966-01-01,-0.136,,-0.075,-0.070,-0.079,
1966-02-01,-0.101,,-0.074,-0.070,-0.079,
1966-03-01,-0.090,,-0.074,-0.070,-0.079,
1966-04-01,-0.090,,-0.074,-0.069,-0.078,
1966-05-01,-0.136,,-0.074,-0.069,-0.078,
1966-06-01,-0.115,,-0.073,-0.069,-0.078,
1966-07-01,-0.079,,-0.073,-0.069,-0.078,
1966-08-01,-0.084,,-0.073,-0.069,-0.077,
1966-09-01,-0.016,,-0.073,-0.068,-0.077,
1966-10-01,-0.146,,-0.073,-0.068,-0.077,
1966-11-01,-0.005,,-0.072,-0.068,-0.077,
1966-12-01,-0.046,,-0.072,-0.068,-0.077,
1967-01-01,0.007,,-0.072,-0.067,-0.076,
1967-02-01,-0.043,,-0.072,-0.067,-0.076,
1967-03-01,0.004,,-0.071,-0.067,-0.076,
1967-04-01,0.010,,-0.071,-0.067,-0.076,
1967-05-01,-0.014,,-0.071,-0.066,-0.075,
1967-06-01,-0.036,,-0.071,-0.066,-0.075,
1967-07-01,-0.019,,-0.070,-0.066,-0.075,
1967-08-01,-0.057,,-0.070,-0.066,-0.075,
1967-09-01,-0.074,,-0.070,-0.065,-0.074,
1967-10-01,-0.137,,-0.070,-0.065,-0.074,
1967-11-01,-0.139,,-0.069,-0.065,-0.074,
1967-12-01,0.009,,-0.069,-0.065,-0.074,
1968-01-01,-0.094,,-0.069,-0.064,-0.073,
1968-02-01,-0.092,,-0.069,-0.064,-0.073,
1968-03-01,-0.084,,-0.068,-0.064,-0.073,
1968-04-01,-0.093,,-0.068,-0.064,-0.073,
1968-05-01,-0.047,,-0.068,-0.063,-0.073,
1968-06-01,-0.024,,-0.068,-0.063,-0.072,
1968-07-01,-0.079,,-0.068,-0.063,-0.072,
1968-08-01,-0.093,,-0.067,-0.063,-0.072,
1968-09-01,-0.074,,-0.067,-0.062,-0.072,
1968-10-01,-0.134,,-0.067,-0.062,-0.071,
1968-11-01,-0.032,,-0.067,-0.062,-0.071,
1968-12-01,-0.204,,-0.066,-0.062,-0.071,
1969-01-01,-0.127,,-0.066,-0.062,-0.071,
1969-02-01,0.006,,-0.066,-0.061,-0.070,
1969-03-01,-0.054,,-0.066,-0.061,-0.070,
1969-04-01,-0.102,,-0.065,-0.061,-0.070,
1969-05-01,-0.108,,-0.065,-0.061,-0.070,
1969-06-01,-0.042,,-0.065,-0.060,-0.069,
1969-07-01,-0.015,,-0.065,-0.060,-0.069,
1969-08-01,-0.060,,-0.064,-0.060,-0.069,
1969-09-01,-0.044,,-0.064,-0.060,-0.069,
1969-10-01,-0.043,,-0.064,-0.059,-0.069,
1969-11-01,0.038,,-0.064,-0.059,-0.068,
1969-12-01,0.037,,-0.063,-0.059,-0.068,
1970-01-01,-0.060,,-0.063,-0.059,-0.068,
1970-02-01,-0.046,,-0.063,-0.058,-0.068,
1970-03-01,-0.081,,-0.063,-0.058,-0.067,
1970-04-01,-0.048,,-0.062,-0.058,-0.067,
1970-05-01,-0.114,,-0.062,-0.058,-0.067,
1970-06-01,-0.075,,-0.062,-0.057,-0.067,
1970-07-01,-0.083,,-0.062,-0.057,-0.066,
1970-08-01,-0.048,,-0.062,-0.057,-0.066,
1970-09-01,-0.083,,-0.061,-0.057,-0.066,
1970-10-01,-0.034,,-0.061,-0.056,-0.066,
1970-11-01,0.065,,-0.061,-0.056,-0.065,
1970-12-01,0.018,,-0.061,-0.056,-0.065,
1971-01-01,-0.079,,-0.060,-0.056,-0.065,
1971-02-01,-0.043,,-0.060,-0.055,-0.065,
1971-03-01,-0.087,,-0.060,-0.055,-0.065,
1971-04-01,-0.069,,-0.060,-0.055,-0.064,
1971-05-01,-0.038,,-0.059,-0.055,-0.064,
1971-06-01,-0.039,,-0.059,-0.054,-0.064,
1971-07-01,-0.083,,-0.059,-0.054,-0.064,
1971-08-01,-0.103,,-0.059,-0.054,-0.063,
1971-09-01,-0.034,,-0.058,-0.054,-0.063,
1971-10-01,0.052,,-0.058,-0.053,-0.063,
1971-11-01,0.022,,-0.058,-0.053,-0.063,
1971-12-01,-0.073,,-0.058,-0.053,-0.062,
1972-01-01,-0.088,,-0.057,-0.053,-0.062,
1972-02-01,-0.061,,-0.057,-0.053,-0.062,
1972-03-01,-0.023,,-0.057,-0.052,-0.062,
1972-04-01,-0.038,,-0.057,-0.052,-0.061,
1972-05-01,0.005,,-0.057,-0.052,-0.061,
1972-06-01,-0.005,,-0.056,-0.052,-0.061,
1972-07-01,-0.040,,-0.056,-0.051,-0.061,
1972-08-01,-0.054,,-0.056,-0.051,-0.061,
1972-09-01,-0.007,,-0.056,-0.051,-0.060,
1972-10-01,-0.061,,-0.055,-0.051,-0.060,
1972-11-01,0.102,,-0.055,-0.050,-0.060,
1972-12-01,0.052,,-0.055,-0.050,-0.060,
1973-01-01,0.001,,-0.055,-0.050,-0.059,
1973-02-01,0.058,,-0.054,-0.050,-0.059,
1973-03-01,0.087,,-0.054,-0.049,-0.059,
1973-04-01,0.004,,-0.054,-0.049,-0.059,
1973-05-01,-0.008,,-0.054,-0.049,-0.058,
1973-06-01,-0.051,,-0.053,-0.049,-0.058,
1973-07-01,-0.028,,-0.053,-0.048,-0.058,
1973-08-01,-0.051,,-0.053,-0.048,-0.058,
1973-09-01,-0.062,,-0.053,-0.048,-0.057,
1973-10-01,-0.064,,-0.052,-0.048,-0.057,
1973-11-01,-0.151,,-0.052,-0.047,-0.057,
1973-12-01,-0.036,,-0.052,-0.047,-0.057,
1974-01-01,0.013,,-0.052,-0.047,-0.057,
1974-02-01,-0.028,,-0.051,-0.047,-0.056,
1974-03-01,-0.078,,-0.051,-0.046,-0.056,
1974-04-01,-0.112,,-0.051,-0.046,-0.056,
1974-05-01,-0.056,,-0.051,-0.046,-0.056,
1974-06-01,-0.011,,-0.051,-0.046,-0.055,
1974-07-01,-0.040,,-0.050,-0.045,-0.055,
1974-08-01,-0.090,,-0.050,-0.045,-0.055,
1974-09-01,-0.053,,-0.050,-0.045,-0.055,
1974-10-01,-0.159,,-0.050,-0.045,-0.054,
1974-11-01,-0.075,,-0.049,-0.045,-0.054,
1974-12-01,0.003,,-0.049,-0.044,-0.054,
1975-01-01,-0.069,,-0.049,-0.044,-0.054,
1975-02-01,-0.040,,-0.049,-0.044,-0.053,
1975-03-01,-0.072,,-0.048,-0.044,-0.053,
1975-04-01,-0.121,,-0.048,-0.043,-0.053,
1975-05-01,-0.053,,-0.048,-0.043,-0.053,
1975-06-01,-0.057,,-0.048,-0.043,-0.053,
1975-07-01,-0.061,,-0.047,-0.043,-0.052,
1975-08-01,-0.063,,-0.047,-0.042,-0.052,
1975-09-01,-0.071,,-0.047,-0.042,-0.052,
1975-10-01,0.021,,-0.047,-0.042,-0.052,
1975-11-01,-0.008,,-0.046,-0.042,-0.051,
1975-12-01,0.025,,-0.046,-0.041,-0.051,
1976-01-01,-0.063,,-0.046,-0.041,-0.051,
1976-02-01,-0.110,,-0.046,-0.041,-0.051,
1976-03-01,-0.050,,-0.046,-0.041,-0.050,
1976-04-01,-0.102,,-0.045,-0.040,-0.050,
1976-05-01,-0.133,,-0.045,-0.040,-0.050,
1976-06-01,-0.094,,-0.045,-0.040,-0.050,
1976-07-01,-0.037,,-0.045,-0.040,-0.049,
1976-08-01,-0.066,,-0.044,-0.039,-0.049,
1976-09-01,-0.086,,-0.044,-0.039,-0.049,
1976-10-01,-0.079,,-0.044,-0.039,-0.049,
1976-11-01,-0.209,,-0.044,-0.039,-0.049,
1976-12-01,-0.235,,-0.043,-0.038,-0.048,
1977-01-01,-0.213,,-0.043,-0.038,-0.048,
1977-02-01,-0.186,,-0.043,-0.038,-0.048,
1977-03-01,-0.139,,-0.043,-0.038,-0.048,
1977-04-01,-0.188,,-0.042,-0.037,-0.047,
1977-05-01,-0.120,,-0.042,-0.037,-0.047,
1977-06-01,-0.069,,-0.042,-0.037,-0.047,
1977-07-01,-0.079,,-0.042,-0.037,-0.047,
1977-08-01,-0.072,,-0.041,-0.036,-0.046,
1977-09-01,0.024,,-0.041,-0.036,-0.046,
1977-10-01,0.003,,-0.041,-0.036,-0.046,
1977-11-01,0.044,,-0.041,-0.036,-0.046,
1977-12-01,0.055,,-0.041,-0.036,-0.045,
1978-01-01,-0.033,,-0.040,-0.035,-0.045,
1978-02-01,0.143,,-0.040,-0.035,-0.045,
1978-03-01,-0.017,,-0.040,-0.035,-0.045,
1978-04-01,-0.002,,-0.040,-0.035,-0.045,
1978-05-01,0.005,,-0.039,-0.034,-0.044,
1978-06-01,-0.063,,-0.039,-0.034,-0.044,
1978-07-01,-0.019,,-0.039,-0.034,-0.044,
1978-08-01,-0.017,,-0.039,-0.034,-0.044,
1978-09-01,0.014,,-0.038,-0.033,-0.043,
1978-10-01,-0.043,,-0.038,-0.033,-0.043,
1978-11-01,0.032,,-0.038,-0.033,-0.043,
1978-12-01,-0.091,,-0.038,-0.033,-0.043,
1979-01-01,0.028,,-0.037,-0.032,-0.042,
1979-02-01,-0.046,,-0.037,-0.032,-0.042,
1979-03-01,-0.050,,-0.037,-0.032,-0.042,
1979-04-01,-0.032,,-0.037,-0.032,-0.042,
1979-05-01,-0.053,,-0.036,-0.031,-0.042,
1979-06-01,-0.072,,-0.036,-0.031,-0.041,
1979-07-01,-0.061,,-0.036,-0.031,-0.041,
1979-08-01,-0.042,,-0.036,-0.031,-0.041,
1979-09-01,-0.065,,-0.035,-0.030,-0.041,
1979-10-01,-0.092,,-0.035,-0.030,-0.040,
1979-11-01,-0.090,,-0.035,-0.030,-0.040,
1979-12-01,-0.113,,-0.035,-0.030,-0.040,
1980-01-01,-0.057,,-0.035,-0.029,-0.040,
1980-02-01,-0.052,,-0.034,-0.029,-0.039,
1980-03-01,-0.081,,-0.034,-0.029,-0.039,
1980-04-01,-0.011,,-0.034,-0.029,-0.039,
1980-05-01,-0.035,,-0.034,-0.028,-0.039,
1980-06-01,-0.100,,-0.033,-0.028,-0.038,
1980-07-01,-0.086,,-0.033,-0.028,-0.038,
1980-08-01,-0.066,,-0.033,-0.028,-0.038,
1980-09-01,-0.095,,-0.033,-0.027,-0.038,
1980-10-01,-0.113,,-0.032,-0.027,-0.038,
1980-11-01,-0.130,,-0.032,-0.027,-0.037,
1980-12-01,-0.180,,-0.032,-0.027,-0.037,
1981-01-01,-0.176,,-0.032,-0.027,-0.037,
1981-02-01,-0.098,,-0.031,-0.026,-0.037,
1981-03-01,-0.054,,-0.031,-0.026,-0.036,
1981-04-01,-0.182,,-0.031,-0.026,-0.036,
1981-05-01,-0.044,,-0.031,-0.026,-0.036,
1981-06-01,-0.066,,-0.030,-0.025,-0.036,
1981-07-01,-0.061,,-0.030,-0.025,-0.035,
1981-08-01,-0.054,,-0.030,-0.025,-0.035,
1981-09-01,-0.037,,-0.030,-0.025,-0.035,
1981-10-01,-0.110,,-0.030,-0.024,-0.035,
1981-11-01,-0.026,,-0.029,-0.024,-0.034,
1981-12-01,-0.027,,-0.029,-0.024,-0.034,
1982-01-01,-0.121,,-0.029,-0.024,-0.034,
1982-02-01,-0.058,,-0.029,-0.023,-0.034,
1982-03-01,-0.084,,-0.028,-0.023,-0.034,
1982-04-01,-0.200,,-0.028,-0.023,-0.033,
1982-05-01,-0.056,,-0.028,-0.023,-0.033,
1982-06-01,0.040,,-0.028,-0.022,-0.033,
1982-07-01,-0.070,,-0.027,-0.022,-0.033,
1982-08-01,-0.084,,-0.027,-0.022,-0.032,
1982-09-01,-0.059,,-0.027,-0.022,-0.032,
1982-10-01,0.018,,-0.027,-0.021,-0.032,
1982-11-01,-0.109,,-0.026,-0.021,-0.032,
1982-12-01,-0.009,,-0.026,-0.021,-0.031,
1983-01-01,-0.005,,-0.026,-0.021,-0.031,
1983-02-01,0.100,,-0.026,-0.020,-0.031,
1983-03-01,0.108,,-0.025,-0.020,-0.031,
1983-04-01,0.090,,-0.025,-0.020,-0.030,
1983-05-01,-0.023,,-0.025,-0.020,-0.030,
1983-06-01,-0.030,,-0.025,-0.019,-0.030,
1983-07-01,-0.025,,-0.025,-0.019,-0.030,
1983-08-01,-0.002,,-0.024,-0.019,-0.030,
1983-09-01,-0.019,,-0.024,-0.019,-0.029,
1983-10-01,0.030,,-0.024,-0.018,-0.029,
1983-11-01,0.044,,-0.024,-0.018,-0.029,
1983-12-01,0.012,,-0.023,-0.018,-0.029,
1984-01-01,0.004,,-0.023,-0.018,-0.028,
1984-02-01,0.012,,-0.023,-0.018,-0.028,
1984-03-01,0.047,,-0.023,-0.017,-0.028,
1984-04-01,0.120,,-0.022,-0.017,-0.028,
1984-05-01,-0.050,,-0.022,-0.017,-0.027,
1984-06-01,-0.011,,-0.022,-0.017,-0.027,
1984-07-01,-0.037,,-0.022,-0.016,-0.027,
1984-08-01,0.007,,-0.021,-0.016,-0.027,
1984-09-01,-0.047,,-0.021,-0.016,-0.027,
1984-10-01,0.024,,-0.021,-0.016,-0.026,
1984-11-01,-0.017,,-0.021,-0.015,-0.026,
1984-12-01,-0.049,,-0.020,-0.015,-0.026,
1985-01-01,-0.088,,-0.020,-0.015,-0.026,
1985-02-01,-0.067,,-0.020,-0.015,-0.025,
1985-03-01,-0.093,,-0.020,-0.014,-0.025,
1985-04-01,-0.096,,-0.019,-0.014,-0.025,
1985-05-01,-0.041,,-0.019,-0.014,-0.025,
1985-06-01,-0.075,,-0.019,-0.014,-0.024,
1985-07-01,-0.052,,-0.019,-0.013,-0.024,
1985-08-01,-0.042,,-0.019,-0.013,-0.024,
1985-09-01,-0.040,,-0.018,-0.013,-0.024,
1985-10-01,-0.061,,-0.018,-0.013,-0.023,
1985-11-01,0.096,,-0.018,-0.012,-0.023,
1985-12-01,-0.018,,-0.018,-0.012,-0.023,
1986-01-01,-0.106,,-0.017,-0.012,-0.023,
1986-02-01,0.048,,-0.017,-0.012,-0.023,
1986-03-01,-0.087,,-0.017,-0.011,-0.022,
1986-04-01,0.059,,-0.017,-0.011,-0.022,
1986-05-01,-0.008,,-0.016,-0.011,-0.022,
1986-06-01,-0.072,,-0.016,-0.011,-0.022,
1986-07-01,-0.003,,-0.016,-0.010,-0.021,
1986-08-01,-0.045,,-0.016,-0.010,-0.021,
1986-09-01,-0.083,,-0.015,-0.010,-0.021,
1986-10-01,-0.018,,-0.015,-0.010,-0.021,
1986-11-01,-0.032,,-0.015,-0.009,-0.020,
1986-12-01,0.018,,-0.015,-0.009,-0.020,
1987-01-01,0.031,,-0.014,-0.009,-0.020,
1987-02-01,-0.058,,-0.014,-0.009,-0.020,
1987-03-01,0.090,,-0.014,-0.008,-0.019,
1987-04-01,0.080,,-0.014,-0.008,-0.019,
1987-05-01,-0.050,,-0.014,-0.008,-0.019,
1987-06-01,-0.033,,-0.013,-0.008,-0.019,
1987-07-01,-0.000,,-0.013,-0.008,-0.019,
1987-08-01,-0.008,,-0.013,-0.007,-0.018,
1987-09-01,-0.013,,-0.013,-0.007,-0.018,
1987-10-01,-0.070,,-0.012,-0.007,-0.018,
1987-11-01,-0.048,,-0.012,-0.007,-0.018,
1987-12-01,0.037,,-0.012,-0.006,-0.017,
1988-01-01,-0.085,,-0.012,-0.006,-0.017,
1988-02-01,-0.013,,-0.011,-0.006,-0.017,
1988-03-01,-0.096,,-0.011,-0.006,-0.017,
1988-04-01,0.053,,-0.011,-0.005,-0.016,
1988-05-01,-0.029,,-0.011,-0.005,-0.016,
1988-06-01,-0.042,,-0.010,-0.005,-0.016,
1988-07-01,-0.083,,-0.010,-0.005,-0.016,
1988-08-01,-0.066,,-0.010,-0.004,-0.016,
1988-09-01,-0.095,,-0.010,-0.004,-0.015,
1988-10-01,-0.070,,-0.009,-0.004,-0.015,
1988-11-01,-0.090,,-0.009,-0.004,-0.015,
1988-12-01,-0.079,,-0.009,-0.003,-0.015,
1989-01-01,-0.051,,-0.009,-0.003,-0.014,
1989-02-01,-0.052,,-0.008,-0.003,-0.014,
1989-03-01,-0.050,,-0.008,-0.003,-0.014,
1989-04-01,-0.115,,-0.008,-0.002,-0.014,
1989-05-01,-0.026,,-0.008,-0.002,-0.013,
1989-06-01,-0.017,,-0.008,-0.002,-0.013,
1989-07-01,-0.034,,-0.007,-0.002,-0.013,
1989-08-01,-0.017,,-0.007,-0.001,-0.013,
1989-09-01,-0.037,,-0.007,-0.001,-0.012,
1989-10-01,-0.046,,-0.007,-0.001,-0.012,
1989-11-01,-0.087,,-0.006,-0.001,-0.012,
1989-12-01,-0.140,,-0.006,-0.000,-0.012,
1990-01-01,-0.082,,-0.006,-0.000,-0.012,
1990-02-01,-0.037,,-0.006,0.000,-0.011,
1990-03-01,-0.096,,-0.005,0.000,-0.011,
1990-04-01,-0.105,,-0.005,0.001,-0.011,
1990-05-01,-0.001,,-0.005,0.001,-0.011,
1990-06-01,-0.051,,-0.005,0.001,-0.010,
1990-07-01,-0.025,,-0.004,0.001,-0.010,
1990-08-01,0.019,,-0.004,0.002,-0.010,
1990-09-01,-0.025,,-0.004,0.002,-0.010,
1990-10-01,-0.046,,-0.004,0.002,-0.009,
1990-11-01,-0.057,,-0.003,0.002,-0.009,
1990-12-01,-0.043,,-0.003,0.002,-0.009,
1991-01-01,0.025,,-0.003,0.003,-0.009,
1991-02-01,-0.022,,-0.003,0.003,-0.009,
1991-03-01,0.096,,-0.003,0.003,-0.008,
1991-04-01,-0.035,,-0.002,0.003,-0.008,
1991-05-01,-0.053,,-0.002,0.004,-0.008,
1991-06-01,-0.008,,-0.002,0.004,-0.008,
1991-07-01,-0.003,,-0.002,0.004,-0.007,
1991-08-01,-0.060,,-0.001,0.004,-0.007,
1991-09-01,-0.068,,-0.001,0.005,-0.007,
1991-10-01,0.009,,-0.001,0.005,-0.007,
1991-11-01,-0.002,,-0.001,0.005,-0.006,
1991-12-01,-0.033,,-0.000,0.005,-0.006,
1992-01-01,0.018,,-0.000,0.006,-0.006,
1992-02-01,0.054,,0.000,0.006,-0.006,
1992-03-01,-0.003,,0.000,0.006,-0.005,
1992-04-01,-0.004,,0.001,0.006,-0.005,
1992-05-01,0.007,,0.001,0.007,-0.005,
1992-06-01,0.013,,0.001,0.007,-0.005,
1992-07-01,0.030,,0.001,0.007,-0.005,
1992-08-01,-0.023,,0.002,0.007,-0.004,
1992-09-01,-0.040,,0.002,0.008,-0.004,
1992-10-01,-0.043,,0.002,0.008,-0.004,
1992-11-01,0.004,,0.002,0.008,-0.004,
1992-12-01,0.061,,0.002,0.008,-0.003,
1993-01-01,0.025,,0.003,0.009,-0.003,
1993-02-01,0.070,,0.003,0.009,-0.003,
1993-03-01,-0.005,,0.003,0.009,-0.003,
1993-04-01,0.117,,0.003,0.009,-0.002,
1993-05-01,0.020,,0.004,0.010,-0.002,
1993-06-01,-0.039,,0.004,0.010,-0.002,
1993-07-01,0.015,,0.004,0.010,-0.002,
1993-08-01,0.010,,0.004,0.010,-0.001,
1993-09-01,-0.013,,0.005,0.011,-0.001,
1993-10-01,-0.028,,0.005,0.011,-0.001,
1993-11-01,-0.051,,0.005,0.011,-0.001,
1993-12-01,0.076,,0.005,0.011,-0.001,
1994-01-01,-0.098,,0.006,0.012,-0.000,
1994-02-01,-0.025,,0.006,0.012,-0.000,
1994-03-01,0.011,,0.006,0.012,0.000,
1994-04-01,-0.078,,0.006,0.012,0.000,
1994-05-01,0.007,,0.007,0.013,0.001,
1994-06-01,-0.064,,0.007,0.013,0.001,
1994-07-01,-0.031,,0.007,0.013,0.001,
1994-08-01,-0.051,,0.007,0.013,0.001,
1994-09-01,-0.020,,0.008,0.013,0.002,
1994-10-01,-0.018,,0.008,0.014,0.002,
1994-11-01,-0.102,,0.008,0.014,0.002,
1994-12-01,0.034,,0.008,0.014,0.002,
1995-01-01,-0.011,,0.008,0.014,0.002,
1995-02-01,-0.087,,0.009,0.015,0.003,
1995-03-01,0.009,,0.009,0.015,0.003,
1995-04-01,-0.080,,0.009,0.015,0.003,
1995-05-01,0.016,,0.009,0.015,0.003,
1995-06-01,-0.054,,0.010,0.016,0.004,
1995-07-01,-0.025,,0.010,0.016,0.004,
1995-08-01,0.045,,0.010,0.016,0.004,
1995-09-01,0.022,,0.010,0.016,0.004,
1995-10-01,-0.010,,0.011,0.017,0.005,
1995-11-01,0.051,,0.011,0.017,0.005,
1995-12-01,0.005,,0.011,0.017,0.005,
1996-01-01,0.133,,0.011,0.017,0.005,
1996-02-01,0.028,,0.012,0.018,0.006,
1996-03-01,-0.012,,0.012,0.018,0.006,
1996-04-01,0.055,,0.012,0.018,0.006,
1996-05-01,0.009,,0.012,0.018,0.006,
1996-06-01,0.019,,0.013,0.019,0.006,
1996-07-01,0.024,,0.013,0.019,0.007,
1996-08-01,0.023,,0.013,0.019,0.007,
1996-09-01,0.148,,0.013,0.019,0.007,
1996-10-01,0.108,,0.013,0.020,0.007,
1996-11-01,0.080,,0.014,0.020,0.008,
1996-12-01,0.206,,0.014,0.020,0.008,
1997-01-01,0.050,,0.014,0.020,0.008,
1997-02-01,0.066,,0.014,0.021,0.008,
1997-03-01,0.055,,0.015,0.021,0.009,
1997-04-01,0.124,,0.015,0.021,0.009,
1997-05-01,-0.011,,0.015,0.021,0.009,
1997-06-01,0.072,,0.015,0.022,0.009,
1997-07-01,0.016,,0.016,0.022,0.009,
1997-08-01,0.030,,0.016,0.022,0.010,
1997-09-01,0.012,,0.016,0.022,0.010,
1997-10-01,0.025,,0.016,0.023,0.010,
1997-11-01,0.086,,0.017,0.023,0.010,
1997-12-01,0.024,,0.017,0.023,0.011,
1998-01-01,0.177,,0.017,0.023,0.011,
1998-02-01,0.269,,0.017,0.023,0.011,
1998-03-01,0.076,,0.018,0.024,0.011,
1998-04-01,0.091,,0.018,0.024,0.012,
1998-05-01,0.127,,0.018,0.024,0.012,
1998-06-01,0.049,,0.018,0.024,0.012,
1998-07-01,0.039,,0.019,0.025,0.012,
1998-08-01,0.029,,0.019,0.025,0.013,
1998-09-01,0.030,,0.019,0.025,0.013,
1998-10-01,-0.034,,0.019,0.025,0.013,
1998-11-01,-0.030,,0.019,0.026,0.013,
1998-12-01,-0.005,,0.020,0.026,0.013,
1999-01-01,-0.003,,0.020,0.026,0.014,
1999-02-01,0.139,,0.020,0.026,0.014,
1999-03-01,0.000,,0.020,0.027,0.014,
1999-04-01,0.029,,0.021,0.027,0.014,
1999-05-01,0.025,,0.021,0.027,0.015,
1999-06-01,-0.019,,0.021,0.027,0.015,
1999-07-01,0.009,,0.021,0.028,0.015,
1999-08-01,0.047,,0.022,0.028,0.015,
1999-09-01,0.032,,0.022,0.028,0.016,
1999-10-01,-0.032,,0.022,0.028,0.016,
1999-11-01,-0.047,,0.022,0.029,0.016,
1999-12-01,0.009,,0.023,0.029,0.016,
2000-01-01,-0.066,,0.023,0.029,0.016,
2000-02-01,-0.084,,0.023,0.029,0.017,
2000-03-01,0.073,,0.023,0.030,0.017,
2000-04-01,0.039,,0.024,0.030,0.017,
2000-05-01,0.071,,0.024,0.030,0.017,
2000-06-01,0.022,,0.024,0.030,0.018,
2000-07-01,0.068,,0.024,0.031,0.018,
2000-08-01,0.047,,0.024,0.031,0.018,
2000-09-01,0.029,,0.025,0.031,0.018,
2000-10-01,0.004,,0.025,0.031,0.019,
2000-11-01,0.067,,0.025,0.032,0.019,
2000-12-01,0.018,,0.025,0.032,0.019,
2001-01-01,0.090,,0.026,0.032,0.019,
2001-02-01,0.007,,0.026,0.032,0.020,
2001-03-01,0.125,,0.026,0.033,0.020,
2001-04-01,0.063,,0.026,0.033,0.020,
2001-05-01,0.015,,0.027,0.033,0.020,
2001-06-01,-0.017,,0.027,0.033,0.020,
2001-07-01,0.009,,0.027,0.034,0.021,
2001-08-01,-0.009,,0.027,0.034,0.021,
2001-09-01,0.042,,0.028,0.034,0.021,
2001-10-01,-0.035,,0.028,0.034,0.021,
2001-11-01,-0.029,,0.028,0.034,0.022,
2001-12-01,0.022,,0.028,0.035,0.022,
2002-01-01,-0.056,,0.029,0.035,0.022,
2002-02-01,0.050,,0.029,0.035,0.022,
2002-03-01,-0.084,,0.029,0.035,0.023,
2002-04-01,-0.066,,0.029,0.036,0.023,
2002-05-01,-0.064,,0.029,0.036,0.023,
2002-06-01,-0.007,,0.030,0.036,0.023,
2002-07-01,-0.013,,0.030,0.036,0.023,
2002-08-01,-0.001,,0.030,0.037,0.024,
2002-09-01,0.024,,0.030,0.037,0.024,
2002-10-01,0.080,,0.031,0.037,0.024,
2002-11-01,-0.029,,0.031,0.037,0.024,
2002-12-01,0.006,,0.031,0.038,0.025,
2003-01-01,-0.018,,0.031,0.038,0.025,
2003-02-01,-0.099,,0.032,0.038,0.025,
2003-03-01,0.035,,0.032,0.038,0.025,
2003-04-01,0.067,,0.032,0.039,0.026,
2003-05-01,0.046,,0.032,0.039,0.026,
2003-06-01,0.063,,0.033,0.039,0.026,
2003-07-01,0.019,,0.033,0.039,0.026,
2003-08-01,0.011,,0.033,0.040,0.027,
2003-09-01,0.108,,0.033,0.040,0.027,
2003-10-01,-0.004,,0.034,0.040,0.027,
2003-11-01,-0.001,,0.034,0.040,0.027,
2003-12-01,0.029,,0.034,0.041,0.027,
2004-01-01,-0.067,,0.034,0.041,0.028,
2004-02-01,-0.009,,0.035,0.041,0.028,
2004-03-01,0.035,,0.035,0.041,0.028,
2004-04-01,-0.027,,0.035,0.042,0.028,
2004-05-01,-0.028,,0.035,0.042,0.029,
2004-06-01,-0.002,,0.035,0.042,0.029,
2004-07-01,0.025,,0.036,0.042,0.029,
2004-08-01,0.006,,0.036,0.043,0.029,
2004-09-01,0.065,,0.036,0.043,0.030,
2004-10-01,0.126,,0.036,0.043,0.030,
2004-11-01,0.042,,0.037,0.043,0.030,
2004-12-01,0.060,,0.037,0.044,0.030,
2005-01-01,0.125,,0.037,0.044,0.030,
2005-02-01,0.122,,0.037,0.044,0.031,
2005-03-01,0.078,,0.038,0.044,0.031,
2005-04-01,0.141,,0.038,0.045,0.031,
2005-05-01,0.143,,0.038,0.045,0.031,
2005-06-01,0.069,,0.038,0.045,0.032,
2005-07-01,0.091,,0.039,0.045,0.032,
2005-08-01,0.062,,0.039,0.046,0.032,
2005-09-01,0.027,,0.039,0.046,0.032,
2005-10-01,0.127,,0.039,0.046,0.033,
2005-11-01,0.009,,0.040,0.046,0.033,
2005-12-01,-0.007,,0.040,0.046,0.033,
2006-01-01,0.096,,0.040,0.047,0.033,
2006-02-01,0.028,,0.040,0.047,0.034,
2006-03-01,-0.009,,0.040,0.047,0.034,
2006-04-01,0.032,,0.041,0.047,0.034,
2006-05-01,0.098,,0.041,0.048,0.034,
2006-06-01,0.035,,0.041,0.048,0.034,
2006-07-01,0.021,,0.041,0.048,0.035,
2006-08-01,0.087,,0.042,0.048,0.035,
2006-09-01,0.151,,0.042,0.049,0.035,
2006-10-01,0.051,,0.042,0.049,0.035,
2006-11-01,0.133,,0.042,0.049,0.036,
2006-12-01,-0.030,,0.043,0.049,0.036,
2007-01-01,-0.006,,0.043,0.050,0.036,
2007-02-01,-0.145,,0.043,0.050,0.036,
2007-03-01,-0.096,,0.043,0.050,0.037,
2007-04-01,0.067,,0.044,0.050,0.037,
2007-05-01,-0.041,,0.044,0.051,0.037,
2007-06-01,0.049,,0.044,0.051,0.037,
2007-07-01,0.018,,0.044,0.051,0.037,
2007-08-01,0.050,,0.045,0.051,0.038,
2007-09-01,-0.004,,0.045,0.052,0.038,
2007-10-01,0.065,,0.045,0.052,0.038,
2007-11-01,0.036,,0.045,0.052,0.038,
2007-12-01,0.038,,0.045,0.052,0.039,
2008-01-01,0.056,,0.046,0.053,0.039,
2008-02-01,0.046,,0.046,0.053,0.039,
2008-03-01,0.051,,0.046,0.053,0.039,
2008-04-01,0.095,,0.046,0.053,0.040,
2008-05-01,0.154,,0.047,0.054,0.040,
2008-06-01,0.060,,0.047,0.054,0.040,
2008-07-01,0.052,,0.047,0.054,0.040,
2008-08-01,0.064,,0.047,0.054,0.041,
2008-09-01,0.083,,0.048,0.055,0.041,
2008-10-01,0.044,,0.048,0.055,0.041,
2008-11-01,0.051,,0.048,0.055,0.041,
2008-12-01,-0.028,,0.048,0.055,0.041,
2009-01-01,-0.009,,0.049,0.056,0.042,
2009-02-01,0.025,,0.049,0.056,0.042,
2009-03-01,0.067,,0.049,0.056,0.042,
2009-04-01,0.040,,0.049,0.056,0.042,
2009-05-01,0.021,,0.050,0.057,0.043,
2009-06-01,0.172,,0.050,0.057,0.043,
2009-07-01,0.131,,0.050,0.057,0.043,
2009-08-01,0.063,,0.050,0.057,0.043,
2009-09-01,0.109,,0.051,0.057,0.044,
2009-10-01,0.151,,0.051,0.058,0.044,
2009-11-01,0.195,,0.051,0.058,0.044,
2009-12-01,0.090,,0.051,0.058,0.044,
2010-01-01,0.117,,0.051,0.058,0.044,
2010-02-01,0.181,,0.052,0.059,0.045,
2010-03-01,0.298,,0.052,0.059,0.045,
2010-04-01,0.123,,0.052,0.059,0.045,
2010-05-01,0.049,,0.052,0.059,0.045,
2010-06-01,0.099,,0.053,0.060,0.046,
2010-07-01,0.077,,0.053,0.060,0.046,
2010-08-01,0.116,,0.053,0.060,0.046,
2010-09-01,0.091,,0.053,0.060,0.046,
2010-10-01,0.087,,0.054,0.061,0.047,
2010-11-01,0.135,,0.054,0.061,0.047,
2010-12-01,0.121,,0.054,0.061,0.047,
2011-01-01,0.090,,0.054,0.061,0.047,
2011-02-01,0.051,,0.055,0.062,0.047,
2011-03-01,0.105,,0.055,0.062,0.048,
2011-04-01,0.095,,0.055,0.062,0.048,
2011-05-01,0.183,,0.055,0.062,0.048,
2011-06-01,0.155,,0.056,0.063,0.048,
2011-07-01,0.121,,0.056,0.063,0.049,
2011-08-01,0.143,,0.056,0.063,0.049,
2011-09-01,0.194,,0.056,0.063,0.049,
2011-10-01,0.145,,0.056,0.064,0.049,
2011-11-01,0.079,,0.057,0.064,0.050,
2011-12-01,0.086,,0.057,0.064,0.050,
2012-01-01,0.052,,0.057,0.064,0.050,
2012-02-01,0.061,,0.057,0.065,0.050,
2012-03-01,0.082,,0.058,0.065,0.051,
2012-04-01,0.080,,0.058,0.065,0.051,
2012-05-01,0.066,,0.058,0.065,0.051,
2012-06-01,0.153,,0.058,0.066,0.051,
2012-07-01,0.092,,0.059,0.066,0.051,
2012-08-01,0.079,,0.059,0.066,0.052,
2012-09-01,0.045,,0.059,0.066,0.052,
2012-10-01,0.153,,0.059,0.067,0.052,
2012-11-01,0.107,,0.060,0.067,0.052,
2012-12-01,0.170,,0.060,0.067,0.053,
2013-01-01,0.014,,0.060,0.067,0.053,
2013-02-01,0.053,,0.060,0.068,0.053,
2013-03-01,0.180,,0.061,0.068,0.053,
2013-04-01,0.042,,0.061,0.068,0.054,
2013-05-01,0.007,,0.061,0.068,0.054,
2013-06-01,0.086,,0.061,0.069,0.054,
2013-07-01,0.104,,0.062,0.069,0.054,
2013-08-01,0.074,,0.062,0.069,0.054,
2013-09-01,0.065,,0.062,0.069,0.055,
2013-10-01,0.116,,0.062,0.069,0.055,
2013-11-01,-0.036,,0.062,0.070,0.055,
2013-12-01,0.038,,0.063,0.070,0.055,
2014-01-01,0.027,,0.063,0.070,0.056,
2014-02-01,0.014,,0.063,0.070,0.056,
2014-03-01,0.045,,0.063,0.071,0.056,
2014-04-01,0.097,,0.064,0.071,0.056,
2014-05-01,0.103,,0.064,0.071,0.057,
2014-06-01,0.105,,0.064,0.071,0.057,
2014-07-01,0.068,,0.064,0.072,0.057,
2014-08-01,0.110,,0.065,0.072,0.057,
2014-09-01,0.102,,0.065,0.072,0.058,
2014-10-01,0.139,,0.065,0.072,0.058,
2014-11-01,0.034,,0.065,0.073,0.058,
2014-12-01,0.141,,0.066,0.073,0.058,
2015-01-01,-0.010,,0.066,0.073,0.058,
2015-02-01,0.021,,0.066,0.073,0.059,
2015-03-01,-0.065,,0.066,0.074,0.059,
2015-04-01,0.020,,0.067,0.074,0.059,
2015-05-01,-0.049,,0.067,0.074,0.059,
2015-06-01,0.072,,0.067,0.074,0.060,
2015-07-01,0.123,,0.067,0.075,0.060,
2015-08-01,0.082,,0.067,0.075,0.060,
2015-09-01,0.113,,0.068,0.075,0.060,
2015-10-01,0.129,,0.068,0.075,0.061,
2015-11-01,0.064,,0.068,0.076,0.061,
2015-12-01,0.122,,0.068,0.076,0.061,
2016-01-01,0.124,,0.069,0.076,0.061,
2016-02-01,0.090,,0.069,0.076,0.061,
2016-03-01,0.096,,0.069,0.077,0.062,
2016-04-01,0.077,,0.069,0.077,0.062,
2016-05-01,0.050,,0.070,0.077,0.062,
2016-06-01,0.049,,0.070,0.077,0.062,
2016-07-01,0.068,,0.070,0.078,0.063,
2016-08-01,0.040,,0.070,0.078,0.063,
2016-09-01,0.134,,0.071,0.078,0.063,
2016-10-01,0.083,,0.071,0.078,0.063,
2016-11-01,0.029,,0.071,0.079,0.064,
2016-12-01,0.014,,0.071,0.079,0.064,
2017-01-01,0.102,,0.072,0.079,0.064,
2017-02-01,0.071,,0.072,0.079,0.064,
2017-03-01,-0.054,,0.072,0.080,0.064,
2017-04-01,0.128,,0.072,0.080,0.065,
2017-05-01,0.157,,0.072,0.080,0.065,
2017-06-01,0.089,,0.073,0.080,0.065,
2017-07-01,0.130,,0.073,0.081,0.065,
2017-08-01,0.096,,0.073,0.081,0.066,
2017-09-01,0.130,,0.073,0.081,0.066,
2017-10-01,0.097,,0.074,0.081,0.066,
2017-11-01,0.113,,0.074,0.081,0.066,
2017-12-01,0.013,,0.074,0.082,0.067,
2018-01-01,-0.027,,0.074,0.082,0.067,
2018-02-01,0.045,,0.075,0.082,0.067,
2018-03-01,0.239,,0.075,0.082,0.067,
2018-04-01,0.076,,0.075,0.083,0.068,
2018-05-01,0.085,,0.075,0.083,0.068,
2018-06-01,0.147,,0.076,0.083,0.068,
2018-07-01,0.108,,0.076,0.083,0.068,
2018-08-01,0.136,,0.076,0.084,0.068,
2018-09-01,0.211,,0.076,0.084,0.069,
2018-10-01,0.102,,0.077,0.084,0.069,
2018-11-01,0.100,,0.077,0.084,0.069,
2018-12-01,0.169,,0.077,0.085,0.069,
2019-01-01,0.108,,0.077,0.085,0.070,
2019-02-01,0.041,,0.078,0.085,0.070,
2019-03-01,0.078,,0.078,0.085,0.070,
2019-04-01,0.079,,0.078,0.086,0.070,
2019-05-01,0.176,,0.078,0.086,0.071,
2019-06-01,0.142,,0.078,0.086,0.071,
2019-07-01,0.144,,0.079,0.086,0.071,
2019-08-01,0.153,,0.079,0.087,0.071,
2019-09-01,0.152,,0.079,0.087,0.071,
2019-10-01,0.238,,0.079,0.087,0.072,
2019-11-01,0.147,,0.080,0.087,0.072,
2019-12-01,0.152,,0.080,0.088,0.072,
