"Date","Global","GLand","GOcean","NH","NLand","NOcean","SH","SLand","SOcean","Tropics","TLand","TOcean","NExtTrpc","NxLand","NxOcean","SExtTrpc","SxLand","SxOcean","NoPolar","NpLand","NpOcean","SoPolar","SpLand","SpOcean","USA48","USA49","AUS"
1978-12-01,-0.48,-0.51,-0.47,-0.44,-0.47,-0.43,-0.52,-0.62,-0.5,-0.6,-0.62,-0.59,-0.37,-0.45,-0.31,-0.47,-0.55,-0.45,-0.39,-0.68,-0.06,-0.46,-0.38,-0.49,-1.29,-1.15,-1.3
1979-01-01,-0.48,-0.64,-0.41,-0.64,-0.87,-0.5,-0.31,-0.13,-0.35,-0.47,-0.54,-0.45,-0.73,-0.93,-0.55,-0.23,0.12,-0.29,-0.46,-0.95,0.1,-0.16,-0.15,-0.16,-3.23,-2.42,0.92
1979-02-01,-0.44,-0.56,-0.39,-0.48,-0.57,-0.42,-0.4,-0.53,-0.37,-0.36,-0.25,-0.39,-0.54,-0.67,-0.42,-0.41,-0.7,-0.36,-2.01,-2.3,-1.66,-0.8,-1.25,-0.59,-1.77,-1.85,-0.3
1979-03-01,-0.39,-0.52,-0.33,-0.47,-0.51,-0.44,-0.31,-0.53,-0.26,-0.36,-0.43,-0.35,-0.53,-0.54,-0.52,-0.27,-0.59,-0.21,-0.56,-0.47,-0.66,-0.53,-1.25,-0.18,-0.7,-0.39,0.22
1979-04-01,-0.41,-0.57,-0.34,-0.47,-0.62,-0.38,-0.34,-0.46,-0.32,-0.35,-0.37,-0.34,-0.54,-0.72,-0.38,-0.33,-0.43,-0.31,-0.84,-0.81,-0.88,-0.26,0.26,-0.51,-0.73,-0.46,-1.12
1979-05-01,-0.4,-0.56,-0.33,-0.53,-0.54,-0.52,-0.27,-0.62,-0.2,-0.46,-0.55,-0.44,-0.54,-0.53,-0.56,-0.19,-0.7,-0.09,-0.77,-0.56,-1.01,0.05,-0.43,0.27,-0.82,-0.75,-1.1
1979-06-01,-0.4,-0.61,-0.31,-0.5,-0.61,-0.44,-0.29,-0.62,-0.22,-0.37,-0.5,-0.33,-0.55,-0.63,-0.48,-0.27,-0.74,-0.19,-0.76,-1.14,-0.33,-0.98,-1.62,-0.67,-0.62,-0.67,-0.56
1979-07-01,-0.31,-0.57,-0.21,-0.22,-0.33,-0.14,-0.41,-1.11,-0.27,-0.41,-0.56,-0.37,-0.15,-0.33,0.01,-0.37,-1.35,-0.2,-0.2,-0.38,0,-0.95,-2.18,-0.37,-0.16,-0.1,-1.16
1979-08-01,-0.4,-0.54,-0.35,-0.35,-0.38,-0.33,-0.46,-0.91,-0.37,-0.37,-0.35,-0.38,-0.37,-0.43,-0.31,-0.47,-1.17,-0.35,-0.26,-0.35,-0.15,-1.01,-1.68,-0.69,-0.74,-0.37,-1.06
1979-09-01,-0.33,-0.44,-0.28,-0.33,-0.31,-0.34,-0.32,-0.73,-0.23,-0.35,-0.42,-0.33,-0.33,-0.29,-0.37,-0.29,-0.95,-0.17,-0.18,-0.02,-0.35,-0.11,-0.65,0.14,0.61,0.68,-0.76
1979-10-01,-0.17,-0.32,-0.12,-0.15,-0.26,-0.08,-0.2,-0.45,-0.14,-0.2,-0.23,-0.19,-0.16,-0.27,-0.06,-0.16,-0.63,-0.08,-0.23,-0.34,-0.09,-0.3,-0.97,0.02,0.24,0.38,-0.36
1979-11-01,-0.26,-0.18,-0.3,-0.03,-0.02,-0.04,-0.5,-0.55,-0.49,-0.2,-0.31,-0.16,0.06,0.04,0.07,-0.66,-0.67,-0.65,-0.31,0.16,-0.85,-0.76,-1.03,-0.63,-1.16,-0.63,-0.09
1979-12-01,-0.21,0,-0.29,-0.12,0.04,-0.22,-0.29,-0.08,-0.34,-0.43,-0.59,-0.38,0.06,0.23,-0.1,-0.23,0.21,-0.31,-0.53,-0.1,-1.03,0.67,0.78,0.63,1.53,0.89,-0.15
1980-01-01,-0.23,-0.48,-0.13,-0.28,-0.61,-0.07,-0.18,-0.19,-0.17,-0.18,-0.2,-0.18,-0.36,-0.71,-0.04,-0.15,-0.18,-0.14,0.46,0.45,0.48,0.55,0.49,0.58,-0.74,-0.77,-0.35
1980-02-01,-0.1,-0.14,-0.09,-0.21,-0.22,-0.21,0.01,0.05,0,-0.1,-0.24,-0.06,-0.28,-0.18,-0.37,0.08,0.16,0.06,1.38,1.63,1.08,0.49,0.26,0.6,-1.01,-0.58,0.77
1980-03-01,-0.16,-0.39,-0.07,-0.34,-0.72,-0.09,0.02,0.35,-0.05,-0.13,-0.15,-0.12,-0.46,-0.9,-0.07,0.11,0.8,-0.01,-0.1,-0.44,0.3,0.91,1.3,0.72,-1.16,-1.03,0.34
1980-04-01,-0.09,-0.14,-0.07,-0.27,-0.34,-0.23,0.09,0.33,0.04,-0.1,-0.12,-0.1,-0.37,-0.42,-0.32,0.19,0.72,0.1,-0.67,-0.64,-0.7,1.33,2.03,0.99,-0.45,-0.52,-0.1
1980-05-01,-0.06,-0.11,-0.04,-0.18,-0.25,-0.13,0.06,0.2,0.03,-0.08,-0.15,-0.06,-0.23,-0.29,-0.17,0.13,0.48,0.06,-0.23,-0.56,0.16,0.72,0.94,0.62,-0.54,-0.49,0.2
1980-06-01,-0.05,-0.26,0.03,-0.07,-0.22,0.03,-0.03,-0.34,0.03,-0.03,-0.22,0.03,-0.1,-0.24,0.03,-0.03,-0.37,0.03,-0.31,-0.55,-0.03,-0.15,-0.23,-0.11,-0.16,-0.11,-0.1
1980-07-01,-0.17,-0.09,-0.2,-0.2,-0.22,-0.19,-0.14,0.22,-0.21,-0.29,-0.4,-0.26,-0.18,-0.2,-0.16,-0.03,0.76,-0.17,-0.79,-0.79,-0.79,1.53,2.79,0.93,0.64,0.48,-0.72
1980-08-01,-0.15,-0.14,-0.16,-0.27,-0.28,-0.27,-0.04,0.18,-0.08,-0.39,-0.48,-0.36,-0.23,-0.24,-0.21,0.16,0.74,0.06,-0.03,0.2,-0.3,1.08,1.82,0.73,-0.13,-0.29,0.16
1980-09-01,-0.18,-0.23,-0.16,-0.34,-0.44,-0.28,-0.02,0.26,-0.08,-0.27,-0.39,-0.24,-0.39,-0.48,-0.31,0.13,0.83,0.01,-0.42,-0.31,-0.55,1.22,2.15,0.78,0.08,0,1.02
1980-10-01,-0.32,-0.4,-0.29,-0.3,-0.33,-0.29,-0.34,-0.58,-0.29,-0.31,-0.36,-0.3,-0.32,-0.34,-0.31,-0.33,-0.67,-0.27,0.48,0.73,0.19,-0.79,-1.07,-0.66,-0.69,-0.51,-0.36
1980-11-01,-0.28,-0.1,-0.35,-0.2,-0.02,-0.32,-0.35,-0.27,-0.36,-0.44,-0.52,-0.42,-0.12,0.11,-0.33,-0.25,-0.09,-0.28,-1.28,-0.87,-1.75,-0.04,0.35,-0.23,-0.11,-0.08,0.19
1980-12-01,-0.37,-0.29,-0.41,-0.28,-0.17,-0.35,-0.47,-0.55,-0.45,-0.45,-0.54,-0.42,-0.2,-0.06,-0.32,-0.47,-0.62,-0.45,-0.54,-0.13,-1.02,-0.79,-0.71,-0.83,1.27,0.95,-0.47
1981-01-01,-0.23,0.02,-0.33,-0.21,0.21,-0.48,-0.25,-0.42,-0.21,-0.47,-0.58,-0.44,-0.07,0.44,-0.53,-0.13,-0.38,-0.09,1.42,2.32,0.39,-0.46,-0.74,-0.33,0.13,0.74,0.1
1981-02-01,-0.15,-0.25,-0.11,-0.37,-0.35,-0.38,0.06,-0.04,0.09,-0.45,-0.52,-0.43,-0.34,-0.29,-0.38,0.34,0.28,0.35,-0.24,-0.08,-0.42,0.23,0.19,0.25,0.1,0.1,0.39
1981-03-01,-0.26,-0.31,-0.24,-0.47,-0.45,-0.48,-0.05,0.02,-0.07,-0.39,-0.49,-0.36,-0.52,-0.38,-0.64,0.13,0.22,0.11,-0.17,-0.05,-0.31,1.02,1.69,0.7,-1.91,-1.33,-1.52
1981-04-01,-0.25,-0.11,-0.31,-0.01,0.17,-0.12,-0.49,-0.73,-0.44,-0.29,-0.28,-0.3,0.09,0.27,-0.06,-0.55,-1.01,-0.47,-0.16,-0.32,0.03,-0.38,-1.41,0.11,1.97,1.66,-0.11
1981-05-01,-0.26,-0.37,-0.22,-0.3,-0.4,-0.23,-0.23,-0.3,-0.22,-0.3,-0.39,-0.28,-0.32,-0.42,-0.23,-0.16,-0.17,-0.16,-0.3,-0.25,-0.35,0.13,-0.24,0.31,-0.8,-0.46,-0.74
1981-06-01,-0.32,-0.4,-0.28,-0.26,-0.28,-0.24,-0.37,-0.67,-0.31,-0.4,-0.45,-0.38,-0.23,-0.27,-0.2,-0.32,-0.74,-0.24,-0.42,-0.27,-0.59,-0.04,0.07,-0.08,0.6,0.2,-0.82
1981-07-01,-0.21,-0.09,-0.26,-0.2,-0.11,-0.26,-0.22,-0.02,-0.26,-0.47,-0.64,-0.42,-0.08,0,-0.15,-0.07,0.52,-0.18,-0.54,-0.48,-0.6,1,2.11,0.47,0.22,0.05,-0.42
1981-08-01,-0.21,-0.1,-0.25,-0.18,-0.19,-0.17,-0.24,0.11,-0.31,-0.48,-0.52,-0.47,-0.05,-0.14,0.04,-0.08,0.71,-0.22,0.02,0.17,-0.15,1.14,2.7,0.39,-0.2,-0.29,-0.53
1981-09-01,-0.33,-0.3,-0.34,-0.36,-0.41,-0.32,-0.31,-0.03,-0.36,-0.35,-0.52,-0.3,-0.38,-0.41,-0.36,-0.26,0.42,-0.38,-0.27,-0.5,-0.01,0.88,1.44,0.62,-0.35,-0.61,0.49
1981-10-01,-0.36,-0.47,-0.31,-0.26,-0.37,-0.19,-0.45,-0.69,-0.4,-0.23,-0.36,-0.19,-0.3,-0.42,-0.21,-0.54,-0.81,-0.49,0.22,0.43,-0.01,-0.3,-0.32,-0.29,-0.6,-0.48,-0.87
1981-11-01,-0.28,-0.32,-0.27,-0.21,-0.2,-0.22,-0.35,-0.59,-0.31,-0.24,-0.3,-0.23,-0.2,-0.14,-0.25,-0.4,-0.89,-0.32,0.34,0.61,0.04,-1.35,-1.84,-1.12,0.62,0.37,-0.61
1981-12-01,-0.14,0,-0.2,-0.12,0.04,-0.23,-0.16,-0.08,-0.17,-0.27,-0.13,-0.31,-0.07,0.09,-0.2,-0.08,-0.06,-0.09,-0.23,0.05,-0.56,-0.24,-0.07,-0.31,-0.31,-0.45,0.42
1982-01-01,-0.37,-0.66,-0.26,-0.48,-0.85,-0.25,-0.26,-0.21,-0.27,-0.32,-0.36,-0.3,-0.55,-0.96,-0.17,-0.25,-0.16,-0.27,-1.23,-1.73,-0.66,0.15,-0.1,0.27,-1.45,-1.29,0.28
1982-02-01,-0.41,-0.71,-0.29,-0.58,-0.91,-0.37,-0.24,-0.28,-0.23,-0.43,-0.48,-0.41,-0.64,-0.97,-0.35,-0.16,-0.27,-0.14,0.17,0.12,0.22,-0.42,-0.38,-0.43,-0.55,-0.59,-0.09
1982-03-01,-0.45,-1.02,-0.23,-0.66,-1.13,-0.36,-0.24,-0.78,-0.13,-0.3,-0.36,-0.28,-0.84,-1.28,-0.44,-0.22,-1.24,-0.04,-0.98,-1.33,-0.58,-1.24,-2.57,-0.6,-0.64,-0.53,-0.18
1982-04-01,-0.44,-0.62,-0.38,-0.48,-0.46,-0.49,-0.41,-0.97,-0.29,-0.41,-0.53,-0.37,-0.52,-0.45,-0.58,-0.41,-1.27,-0.25,-0.9,-0.46,-1.4,-1.1,-1.82,-0.75,-1.44,-1.61,-0.93
1982-05-01,-0.44,-0.53,-0.41,-0.58,-0.64,-0.54,-0.3,-0.27,-0.3,-0.33,-0.5,-0.28,-0.73,-0.7,-0.75,-0.27,-0.02,-0.31,-1.63,-1.46,-1.82,0.58,0.44,0.65,-0.36,-0.76,-0.42
1982-06-01,-0.38,-0.73,-0.25,-0.49,-0.7,-0.36,-0.27,-0.79,-0.16,-0.28,-0.47,-0.23,-0.64,-0.8,-0.5,-0.22,-0.91,-0.1,-0.89,-0.93,-0.84,0.26,-0.55,0.65,-1.42,-1.31,-0.88
1982-07-01,-0.54,-0.55,-0.54,-0.53,-0.55,-0.52,-0.56,-0.57,-0.56,-0.48,-0.51,-0.47,-0.59,-0.6,-0.59,-0.57,-0.5,-0.58,-0.44,-0.41,-0.46,-0.09,0.47,-0.36,-0.43,-0.42,-1.46
1982-08-01,-0.46,-0.57,-0.42,-0.54,-0.5,-0.56,-0.39,-0.73,-0.31,-0.49,-0.66,-0.44,-0.6,-0.52,-0.67,-0.3,-0.6,-0.25,-0.73,-0.75,-0.71,-0.72,-1.54,-0.33,-0.17,-0.18,0.19
1982-09-01,-0.47,-0.57,-0.43,-0.42,-0.34,-0.47,-0.52,-1.1,-0.39,-0.48,-0.59,-0.45,-0.44,-0.33,-0.54,-0.48,-1.29,-0.34,-1.03,-0.67,-1.43,-0.96,-2.09,-0.42,-0.48,-0.36,-1.6
1982-10-01,-0.56,-0.72,-0.49,-0.61,-0.65,-0.59,-0.5,-0.9,-0.42,-0.57,-0.75,-0.52,-0.63,-0.63,-0.64,-0.46,-0.98,-0.37,-1.09,-1.22,-0.94,-0.37,-1.11,-0.02,-0.55,-0.94,-1.28
1982-11-01,-0.41,-0.54,-0.35,-0.6,-0.75,-0.51,-0.21,-0.07,-0.24,-0.28,-0.47,-0.23,-0.74,-0.81,-0.68,-0.2,0.17,-0.27,-1.22,-1.21,-1.23,0.14,0.49,-0.02,-0.77,-0.74,-0.12
1982-12-01,-0.29,-0.18,-0.33,-0.2,-0.23,-0.18,-0.38,-0.07,-0.44,-0.13,-0.27,-0.08,-0.23,-0.21,-0.25,-0.51,0.09,-0.61,-0.52,-0.4,-0.66,0.43,0.98,0.17,0.44,0.42,-0.73
1983-01-01,-0.13,-0.12,-0.14,-0.06,-0.17,0.01,-0.21,0.01,-0.25,0.41,0.01,0.53,-0.29,-0.12,-0.44,-0.55,-0.31,-0.59,-0.73,-0.26,-1.26,0.19,0.03,0.26,0.34,0.09,-1.11
1983-02-01,-0.33,-0.49,-0.27,-0.46,-0.73,-0.3,-0.19,0.06,-0.24,0.34,0.16,0.39,-0.88,-0.89,-0.86,-0.48,-0.25,-0.52,-0.37,-0.19,-0.57,-0.25,-0.54,-0.11,-0.26,-0.29,-0.04
1983-03-01,0.02,-0.34,0.15,-0.11,-0.47,0.12,0.14,-0.05,0.18,0.46,0.31,0.5,-0.42,-0.63,-0.24,-0.01,-0.43,0.07,0.03,-0.15,0.24,-0.59,-1.1,-0.34,-1.03,-0.83,-0.2
1983-04-01,-0.04,-0.37,0.08,-0.26,-0.55,-0.07,0.17,0.04,0.2,0.28,0.21,0.3,-0.54,-0.74,-0.37,0.11,-0.11,0.15,-0.74,-0.52,-1,0.34,0.52,0.26,-2.65,-2.28,-1.08
1983-05-01,-0.04,-0.21,0.03,-0.3,-0.53,-0.14,0.22,0.53,0.16,0.16,0.24,0.13,-0.55,-0.74,-0.39,0.28,0.75,0.19,-1.21,-1.36,-1.03,1.29,2.15,0.88,-1.6,-1.45,0.25
1983-06-01,-0.32,-0.61,-0.21,-0.45,-0.7,-0.29,-0.19,-0.41,-0.14,-0.04,-0.09,-0.02,-0.7,-0.88,-0.54,-0.24,-0.6,-0.17,-0.66,-0.53,-0.81,0.45,0.23,0.55,-1.17,-1.03,-0.62
1983-07-01,-0.13,-0.32,-0.06,-0.13,-0.13,-0.13,-0.13,-0.75,-0.01,0.06,0.13,0.04,-0.26,-0.21,-0.3,-0.21,-1.37,0,-0.29,-0.46,-0.09,-0.82,-1.73,-0.38,0.16,0.04,-1.32
1983-08-01,-0.1,-0.05,-0.12,-0.07,0.07,-0.16,-0.13,-0.31,-0.1,-0.06,-0.09,-0.05,-0.09,0.07,-0.24,-0.16,-0.38,-0.12,-0.31,-0.26,-0.37,-0.2,-0.15,-0.23,0.85,0.52,-0.71
1983-09-01,-0.18,0.01,-0.25,-0.17,-0.06,-0.24,-0.19,0.18,-0.26,-0.18,-0.15,-0.19,-0.16,-0.04,-0.27,-0.19,0.43,-0.3,-0.3,-0.01,-0.63,1.18,1.72,0.93,-0.2,-0.52,0.62
1983-10-01,-0.26,-0.25,-0.26,-0.26,-0.08,-0.37,-0.26,-0.63,-0.18,-0.31,-0.42,-0.27,-0.27,-0.05,-0.46,-0.21,-0.63,-0.13,-0.82,-0.64,-1.02,-0.84,-1.23,-0.65,0.34,0.08,-0.2
1983-11-01,-0.22,-0.16,-0.24,-0.08,0.17,-0.23,-0.36,-0.9,-0.25,-0.32,-0.41,-0.29,0.02,0.31,-0.23,-0.35,-1.26,-0.2,-0.21,0.35,-0.85,-1.47,-2.63,-0.92,-0.28,-0.13,-0.16
1983-12-01,-0.43,-0.58,-0.37,-0.37,-0.5,-0.29,-0.49,-0.77,-0.43,-0.49,-0.61,-0.46,-0.31,-0.48,-0.16,-0.48,-0.85,-0.42,0.07,0.32,-0.21,-0.91,-1.54,-0.61,-2.15,-1.36,-0.65
1984-01-01,-0.51,-0.57,-0.48,-0.54,-0.58,-0.52,-0.47,-0.53,-0.46,-0.61,-0.71,-0.58,-0.49,-0.58,-0.41,-0.41,-0.3,-0.43,-0.91,-0.45,-1.43,0.15,0.04,0.2,-0.61,-0.69,-1.24
1984-02-01,-0.39,-0.6,-0.31,-0.54,-0.62,-0.49,-0.24,-0.55,-0.18,-0.45,-0.51,-0.43,-0.56,-0.67,-0.47,-0.16,-0.5,-0.1,-0.49,-0.45,-0.53,-0.4,-1.01,-0.11,-0.08,-0.74,-0.61
1984-03-01,-0.27,-0.4,-0.23,-0.55,-0.58,-0.53,0,0.03,0,-0.16,-0.18,-0.16,-0.76,-0.7,-0.81,0.09,0.24,0.07,-0.51,-0.35,-0.7,0.47,0.76,0.34,-1.22,-0.75,-0.6
1984-04-01,-0.37,-0.55,-0.3,-0.53,-0.64,-0.46,-0.21,-0.36,-0.18,-0.3,-0.32,-0.29,-0.66,-0.77,-0.57,-0.16,-0.26,-0.14,-1.48,-1.55,-1.4,0.05,0.18,-0.02,-1.13,-1.46,-0.64
1984-05-01,-0.24,-0.14,-0.28,-0.37,-0.31,-0.42,-0.1,0.23,-0.17,-0.45,-0.33,-0.49,-0.34,-0.31,-0.38,0.1,0.66,0,-0.33,-0.16,-0.52,1.71,2.35,1.4,-0.2,-0.58,-0.61
1984-06-01,-0.35,-0.37,-0.34,-0.25,-0.19,-0.28,-0.45,-0.78,-0.38,-0.52,-0.56,-0.51,-0.09,-0.09,-0.09,-0.42,-0.94,-0.33,-0.04,-0.12,0.06,-0.92,-1.46,-0.67,-0.51,-0.51,-0.1
1984-07-01,-0.42,-0.55,-0.37,-0.43,-0.42,-0.43,-0.42,-0.83,-0.33,-0.7,-0.72,-0.7,-0.31,-0.38,-0.25,-0.23,-0.81,-0.13,0.04,-0.09,0.18,-0.84,-0.7,-0.91,-0.27,-0.34,-1.27
1984-08-01,-0.34,-0.46,-0.29,-0.3,-0.29,-0.32,-0.37,-0.86,-0.27,-0.4,-0.42,-0.39,-0.3,-0.32,-0.28,-0.31,-0.98,-0.2,-0.32,-0.53,-0.09,0.25,-0.23,0.47,0.01,0.03,-0.86
1984-09-01,-0.67,-0.91,-0.58,-0.64,-0.85,-0.5,-0.71,-1.03,-0.65,-0.67,-0.77,-0.64,-0.65,-0.91,-0.42,-0.7,-1.09,-0.63,-0.15,-0.42,0.15,-0.25,-0.36,-0.19,-1.09,-0.97,-2.35
1984-10-01,-0.24,-0.42,-0.16,-0.27,-0.38,-0.19,-0.21,-0.51,-0.14,-0.3,-0.27,-0.3,-0.27,-0.44,-0.12,-0.14,-0.63,-0.05,0.08,-0.18,0.38,-0.38,-1.38,0.1,-0.94,-0.64,-0.23
1984-11-01,-0.34,-0.51,-0.28,-0.45,-0.54,-0.4,-0.23,-0.45,-0.18,-0.41,-0.44,-0.4,-0.47,-0.56,-0.4,-0.14,-0.47,-0.08,-0.79,-0.96,-0.59,-0.64,-1.18,-0.39,-0.64,-0.72,0.11
1984-12-01,-0.38,-0.89,-0.18,-0.65,-1.27,-0.24,-0.12,-0.02,-0.14,-0.38,-0.49,-0.34,-0.75,-1.45,-0.13,-0.01,0.23,-0.06,-0.52,-0.94,-0.05,0.81,1.18,0.64,0.76,0.74,0.35
1985-01-01,-0.44,-0.4,-0.46,-0.51,-0.52,-0.51,-0.37,-0.14,-0.42,-0.41,-0.25,-0.46,-0.56,-0.58,-0.53,-0.35,-0.07,-0.4,0.6,0.57,0.63,0.22,0.54,0.07,-1.62,-0.83,-0.51
1985-02-01,-0.64,-0.75,-0.59,-0.59,-0.75,-0.49,-0.68,-0.76,-0.67,-0.59,-0.56,-0.6,-0.58,-0.82,-0.37,-0.75,-0.86,-0.73,-1.12,-1.21,-1.02,-1.27,-1.88,-0.99,-1.58,-1.83,-0.17
1985-03-01,-0.59,-0.73,-0.53,-0.84,-0.98,-0.75,-0.34,-0.18,-0.37,-0.56,-0.34,-0.63,-0.96,-1.14,-0.81,-0.25,-0.09,-0.27,-1.56,-1.59,-1.54,-0.49,-0.1,-0.67,-0.19,-0.51,-0.1
1985-04-01,-0.44,-0.42,-0.44,-0.61,-0.46,-0.7,-0.27,-0.33,-0.25,-0.63,-0.64,-0.63,-0.57,-0.41,-0.7,-0.11,-0.1,-0.11,-1.95,-1.63,-2.32,-0.03,0.43,-0.25,0.48,-0.35,-0.24
1985-05-01,-0.45,-0.49,-0.43,-0.48,-0.4,-0.53,-0.42,-0.7,-0.36,-0.51,-0.58,-0.49,-0.45,-0.36,-0.54,-0.37,-0.77,-0.3,-0.68,-0.82,-0.5,-0.69,-1.04,-0.53,0.31,0,-0.99
1985-06-01,-0.48,-0.55,-0.46,-0.58,-0.61,-0.57,-0.38,-0.42,-0.37,-0.65,-0.87,-0.58,-0.59,-0.6,-0.58,-0.2,0.11,-0.26,-0.74,-0.94,-0.51,0.39,0.56,0.31,-0.38,-0.62,-0.79
1985-07-01,-0.64,-0.93,-0.53,-0.8,-0.92,-0.73,-0.48,-0.95,-0.39,-0.99,-1.11,-0.96,-0.71,-0.89,-0.55,-0.21,-0.78,-0.1,-0.9,-1.35,-0.38,-0.43,-1.73,0.18,-0.27,-0.23,-0.38
1985-08-01,-0.39,-0.39,-0.39,-0.52,-0.42,-0.59,-0.26,-0.33,-0.24,-0.63,-0.67,-0.62,-0.48,-0.38,-0.57,-0.05,0,-0.06,-0.88,-0.84,-0.94,0.12,0.44,-0.03,-0.68,-0.73,-0.54
1985-09-01,-0.54,-0.54,-0.54,-0.58,-0.42,-0.68,-0.51,-0.81,-0.44,-0.7,-0.72,-0.7,-0.53,-0.36,-0.69,-0.38,-0.81,-0.3,-0.31,0.07,-0.75,-0.52,-0.84,-0.37,-1.14,-0.95,-1.16
1985-10-01,-0.59,-0.71,-0.55,-0.54,-0.57,-0.52,-0.64,-1.02,-0.56,-0.5,-0.56,-0.48,-0.6,-0.63,-0.56,-0.69,-1.2,-0.6,-0.68,-0.9,-0.44,-0.63,-1.37,-0.28,-0.15,-0.55,-1.35
1985-11-01,-0.42,-0.67,-0.32,-0.45,-0.64,-0.32,-0.39,-0.72,-0.32,-0.46,-0.62,-0.41,-0.47,-0.68,-0.28,-0.33,-0.71,-0.26,0.52,0.47,0.57,-1.05,-2.07,-0.57,-0.74,-0.44,-0.24
1985-12-01,-0.38,-0.46,-0.35,-0.31,-0.36,-0.27,-0.46,-0.69,-0.41,-0.42,-0.43,-0.42,-0.26,-0.34,-0.2,-0.45,-0.91,-0.37,0.78,1.09,0.42,-1.18,-1.69,-0.94,-1.19,-0.46,-0.22
1986-01-01,-0.29,-0.19,-0.34,-0.31,-0.1,-0.44,-0.28,-0.38,-0.26,-0.26,-0.3,-0.25,-0.35,-0.07,-0.59,-0.28,-0.36,-0.27,-0.84,-0.42,-1.31,-0.41,-0.24,-0.49,0.94,0.75,-0.64
1986-02-01,-0.53,-0.5,-0.55,-0.74,-0.73,-0.74,-0.33,0.02,-0.4,-0.63,-0.7,-0.6,-0.77,-0.73,-0.81,-0.2,0.53,-0.32,0.2,0.31,0.08,0.82,2.01,0.26,0.17,0.24,-0.29
1986-03-01,-0.41,-0.5,-0.37,-0.47,-0.58,-0.4,-0.35,-0.32,-0.35,-0.5,-0.62,-0.46,-0.48,-0.59,-0.38,-0.24,-0.02,-0.28,-1.2,-1.1,-1.32,0.12,0.38,-0.01,0.72,0.37,0.17
1986-04-01,-0.28,-0.3,-0.28,-0.41,-0.34,-0.45,-0.16,-0.21,-0.15,-0.34,-0.35,-0.34,-0.44,-0.35,-0.52,-0.07,-0.06,-0.07,-1.19,-0.96,-1.46,0.02,-0.1,0.07,0.44,-0.21,-0.21
1986-05-01,-0.26,-0.34,-0.22,-0.32,-0.42,-0.26,-0.19,-0.16,-0.19,-0.36,-0.42,-0.34,-0.31,-0.44,-0.2,-0.09,0.1,-0.12,-0.77,-1.01,-0.49,0.19,0.31,0.14,0.12,-0.23,-0.08
1986-06-01,-0.32,-0.37,-0.3,-0.28,-0.26,-0.29,-0.36,-0.62,-0.31,-0.35,-0.45,-0.32,-0.25,-0.23,-0.26,-0.35,-0.69,-0.29,-0.39,-0.68,-0.06,-0.36,-1.19,0.03,0.88,0.69,-0.57
1986-07-01,-0.38,-0.56,-0.3,-0.42,-0.49,-0.38,-0.33,-0.72,-0.24,-0.56,-0.83,-0.48,-0.4,-0.46,-0.34,-0.16,-0.44,-0.11,-0.7,-0.66,-0.74,0.29,-0.05,0.45,-0.33,-0.23,-1.64
1986-08-01,-0.38,-0.59,-0.29,-0.39,-0.5,-0.32,-0.36,-0.8,-0.27,-0.3,-0.43,-0.26,-0.51,-0.59,-0.45,-0.32,-0.88,-0.22,-1.07,-0.79,-1.4,-0.31,-0.59,-0.18,-0.53,-0.73,-1.1
1986-09-01,-0.47,-0.65,-0.4,-0.5,-0.6,-0.43,-0.45,-0.76,-0.38,-0.36,-0.67,-0.27,-0.6,-0.62,-0.59,-0.46,-0.72,-0.41,-1.03,-0.7,-1.39,-0.61,-1.05,-0.39,-1.38,-0.97,-0.4
1986-10-01,-0.47,-0.59,-0.42,-0.41,-0.47,-0.37,-0.52,-0.85,-0.45,-0.23,-0.5,-0.16,-0.54,-0.52,-0.56,-0.64,-0.96,-0.58,-0.53,-0.14,-0.97,-0.56,-0.63,-0.53,-0.64,-0.28,-1.46
1986-11-01,-0.29,-0.54,-0.19,-0.41,-0.61,-0.28,-0.16,-0.38,-0.12,-0.2,-0.34,-0.16,-0.55,-0.71,-0.41,-0.11,-0.34,-0.07,-0.53,-0.18,-0.93,-0.08,-0.75,0.24,-0.05,-0.09,0.05
1986-12-01,-0.23,-0.45,-0.15,-0.28,-0.53,-0.11,-0.19,-0.26,-0.17,-0.1,-0.27,-0.05,-0.37,-0.58,-0.19,-0.22,-0.33,-0.21,-0.99,-1.08,-0.88,-0.51,-0.81,-0.37,-0.08,0.16,-0.46
1987-01-01,-0.06,0,-0.08,0,-0.07,0.05,-0.12,0.17,-0.18,0.04,-0.05,0.06,-0.04,-0.09,0,-0.17,0.37,-0.27,-0.29,-0.56,0.02,0,0.68,-0.32,-0.31,-0.24,-0.02
1987-02-01,-0.09,0.05,-0.14,-0.12,0.14,-0.28,-0.06,-0.15,-0.04,0.03,-0.04,0.05,-0.19,0.2,-0.54,-0.11,-0.27,-0.08,-0.89,-0.48,-1.35,-0.02,-0.54,0.23,0.31,0.11,-0.4
1987-03-01,-0.34,-0.63,-0.22,-0.42,-0.75,-0.2,-0.25,-0.35,-0.23,0.01,-0.02,0.02,-0.64,-0.93,-0.39,-0.39,-0.67,-0.35,-0.59,-0.58,-0.61,-0.37,-0.6,-0.26,-0.41,-0.25,-1.36
1987-04-01,-0.05,-0.28,0.04,-0.25,-0.4,-0.15,0.15,-0.01,0.19,0.16,0.05,0.19,-0.45,-0.5,-0.41,0.14,-0.08,0.18,-0.92,-1.23,-0.56,-0.49,-0.57,-0.45,0.53,0.15,0.08
1987-05-01,-0.21,-0.46,-0.11,-0.45,-0.5,-0.42,0.03,-0.38,0.12,-0.08,-0.11,-0.07,-0.63,-0.59,-0.67,0.07,-0.61,0.2,-0.86,-1.1,-0.6,-0.11,-0.56,0.1,0.56,0.25,-0.28
1987-06-01,0.04,-0.2,0.13,-0.12,-0.36,0.03,0.2,0.16,0.2,0.26,-0.03,0.34,-0.35,-0.48,-0.24,0.2,0.43,0.16,-0.75,-1.16,-0.27,0.73,1.39,0.42,0.46,0.26,-0.51
1987-07-01,-0.08,-0.18,-0.04,-0.14,-0.31,-0.02,-0.03,0.13,-0.06,0.22,0.42,0.16,-0.36,-0.53,-0.21,-0.12,-0.01,-0.13,-0.52,-0.76,-0.24,0.66,1.04,0.48,-0.43,-0.38,-1.27
1987-08-01,-0.18,-0.5,-0.05,-0.23,-0.37,-0.14,-0.13,-0.82,0.02,0.14,0.12,0.15,-0.43,-0.52,-0.35,-0.27,-1.43,-0.06,-0.64,-0.62,-0.66,-0.76,-2.36,0,-0.47,-0.29,-0.66
1987-09-01,-0.24,-0.34,-0.2,-0.17,-0.23,-0.14,-0.31,-0.59,-0.25,0.17,0.18,0.17,-0.39,-0.37,-0.41,-0.52,-1.05,-0.43,-1.02,-0.77,-1.3,-0.26,-0.42,-0.19,-0.85,-1,-1.32
1987-10-01,-0.08,-0.24,-0.01,-0.08,-0.31,0.06,-0.07,-0.09,-0.07,0.27,0.17,0.3,-0.27,-0.44,-0.12,-0.25,-0.28,-0.25,0.48,0.35,0.63,0.12,0.26,0.04,-0.71,-0.63,-0.43
1987-11-01,-0.05,-0.19,0,-0.07,-0.22,0.02,-0.04,-0.13,-0.02,0.35,0.26,0.38,-0.31,-0.36,-0.27,-0.22,-0.38,-0.2,-0.98,-1.06,-0.88,-0.63,-1.27,-0.32,0.23,0.03,0.11
1987-12-01,0.25,0.27,0.24,0.42,0.4,0.43,0.08,-0.01,0.1,0.53,0.45,0.55,0.32,0.4,0.26,-0.12,-0.38,-0.08,-0.41,-0.54,-0.26,-0.2,-0.64,0,0.25,0.09,0.19
1988-01-01,0,-0.07,0.03,-0.01,-0.16,0.08,0.02,0.13,-0.01,0.22,0.15,0.24,-0.15,-0.24,-0.08,-0.08,0.08,-0.1,-0.55,-0.46,-0.67,0.31,0.37,0.28,-1.52,-1.1,-0.25
1988-02-01,-0.22,-0.51,-0.11,-0.36,-0.63,-0.19,-0.08,-0.23,-0.04,0.08,0.06,0.09,-0.58,-0.78,-0.4,-0.18,-0.55,-0.11,0.08,-0.24,0.44,-0.68,-0.79,-0.63,-1.39,-1.19,-0.48
1988-03-01,0.03,-0.11,0.08,-0.1,-0.29,0.03,0.15,0.28,0.12,0.37,0.34,0.37,-0.35,-0.48,-0.23,0.04,0.31,-0.01,-0.3,0.04,-0.68,0.16,0.41,0.04,-1.02,-1.01,-0.42
1988-04-01,-0.1,-0.11,-0.09,-0.31,-0.2,-0.38,0.12,0.09,0.12,-0.01,0.13,-0.05,-0.47,-0.29,-0.63,0.18,0.06,0.2,-1.61,-1.31,-1.95,0.36,0.09,0.49,0.03,-0.16,-0.06
1988-05-01,-0.04,-0.08,-0.02,-0.04,-0.14,0.02,-0.04,0.06,-0.06,0.06,0.1,0.05,-0.1,-0.23,0.01,-0.08,0.11,-0.11,-0.11,-0.37,0.19,0.22,0.73,-0.02,-0.1,-0.08,0.63
1988-06-01,-0.05,0.07,-0.1,-0.01,0.09,-0.08,-0.09,0.02,-0.11,-0.3,-0.27,-0.31,0.12,0.15,0.08,0.04,0.33,-0.01,0.1,-0.15,0.38,0.57,1.31,0.22,1.15,0.98,0.4
1988-07-01,0.02,0.12,-0.02,0.05,0.23,-0.06,-0.01,-0.12,0.02,-0.21,-0.24,-0.2,0.19,0.35,0.05,0.1,-0.01,0.12,0.35,0.49,0.18,0.35,-0.16,0.59,0.19,0.14,0.26
1988-08-01,-0.07,0.09,-0.13,0.05,0.1,0.02,-0.19,0.07,-0.24,-0.14,-0.07,-0.16,0.16,0.17,0.15,-0.22,0.1,-0.28,0,-0.11,0.12,0.77,0.73,0.79,0.52,0.44,-0.97
1988-09-01,0.04,0.25,-0.05,0.02,0.24,-0.12,0.05,0.28,0,-0.14,-0.09,-0.15,0.11,0.34,-0.1,0.15,0.52,0.08,0.13,0.54,-0.34,0.91,1.09,0.82,0.3,0.03,0.28
1988-10-01,-0.22,0.01,-0.31,-0.17,-0.06,-0.24,-0.26,0.19,-0.36,-0.28,-0.13,-0.32,-0.15,-0.05,-0.24,-0.22,0.43,-0.34,-0.27,0,-0.58,0.72,1.29,0.46,-0.58,-0.64,1.02
1988-11-01,-0.27,-0.36,-0.23,-0.35,-0.31,-0.38,-0.18,-0.48,-0.12,-0.49,-0.39,-0.52,-0.32,-0.3,-0.34,0.01,-0.49,0.1,-0.82,-0.41,-1.3,-0.36,-0.81,-0.15,-0.4,-0.7,-0.33
1988-12-01,-0.33,-0.18,-0.39,-0.41,-0.1,-0.6,-0.26,-0.37,-0.24,-0.81,-0.56,-0.88,-0.19,0.02,-0.38,0.03,-0.24,0.07,-0.17,0.37,-0.79,0.21,-0.47,0.54,-0.39,-0.29,0.35
1989-01-01,-0.54,-0.7,-0.48,-0.64,-0.65,-0.64,-0.45,-0.81,-0.37,-0.68,-0.63,-0.69,-0.62,-0.66,-0.58,-0.33,-0.91,-0.23,-2.33,-2.28,-2.38,-0.4,-0.65,-0.29,0.48,-0.45,-1.41
1989-02-01,-0.43,-0.68,-0.34,-0.54,-0.78,-0.38,-0.33,-0.46,-0.31,-0.84,-0.79,-0.85,-0.34,-0.74,0.01,-0.1,-0.31,-0.07,-0.31,0.04,-0.71,-0.13,-0.3,-0.06,-1.01,-0.1,-0.57
1989-03-01,-0.44,-0.39,-0.47,-0.53,-0.34,-0.64,-0.36,-0.49,-0.33,-0.84,-0.87,-0.84,-0.3,-0.17,-0.41,-0.17,-0.32,-0.15,-0.52,-0.09,-1.02,-0.24,-0.41,-0.16,0.64,0.78,-0.3
1989-04-01,-0.32,-0.39,-0.3,-0.38,-0.42,-0.35,-0.27,-0.33,-0.26,-0.58,-0.48,-0.61,-0.25,-0.42,-0.1,-0.13,-0.17,-0.12,0.13,-0.02,0.29,-0.27,-0.22,-0.29,0.26,0.5,0.31
1989-05-01,-0.44,-0.58,-0.38,-0.49,-0.48,-0.5,-0.38,-0.81,-0.29,-0.65,-0.71,-0.63,-0.41,-0.42,-0.39,-0.24,-0.88,-0.12,-0.83,-0.71,-0.97,-1.26,-2.51,-0.67,-0.3,-0.34,0.51
1989-06-01,-0.41,-0.61,-0.33,-0.45,-0.47,-0.44,-0.37,-0.93,-0.25,-0.65,-0.57,-0.67,-0.38,-0.47,-0.3,-0.18,-1.11,-0.02,-0.42,-0.42,-0.43,-0.78,-1.97,-0.21,-0.5,-0.5,-0.57
1989-07-01,-0.31,-0.4,-0.28,-0.3,-0.2,-0.36,-0.33,-0.85,-0.22,-0.55,-0.63,-0.53,-0.21,-0.13,-0.28,-0.16,-0.88,-0.04,-0.11,-0.02,-0.21,0.22,-0.4,0.52,0.03,0.11,-1.63
1989-08-01,-0.3,-0.42,-0.25,-0.31,-0.39,-0.27,-0.29,-0.51,-0.25,-0.49,-0.56,-0.47,-0.25,-0.37,-0.14,-0.16,-0.38,-0.12,-0.11,-0.21,0.01,0.31,0.24,0.35,-0.84,-0.53,-1.71
1989-09-01,-0.21,-0.14,-0.23,-0.15,-0.09,-0.18,-0.27,-0.24,-0.28,-0.42,-0.38,-0.44,-0.01,-0.04,0.01,-0.17,-0.06,-0.19,-0.11,-0.09,-0.14,0.64,1.07,0.43,-0.15,0.14,-0.2
1989-10-01,-0.28,-0.21,-0.32,-0.25,-0.19,-0.3,-0.32,-0.25,-0.33,-0.38,-0.43,-0.36,-0.21,-0.13,-0.27,-0.27,-0.07,-0.3,-0.47,-0.42,-0.53,0.2,0.45,0.07,-0.32,-0.36,-0.03
1989-11-01,-0.3,-0.65,-0.17,-0.43,-0.71,-0.25,-0.18,-0.51,-0.11,-0.18,-0.15,-0.19,-0.57,-0.84,-0.34,-0.16,-0.84,-0.04,-1.04,-0.92,-1.18,-0.7,-1.38,-0.38,-0.25,-0.69,-0.83
1989-12-01,-0.18,-0.25,-0.15,-0.5,-0.53,-0.48,0.15,0.41,0.09,-0.42,-0.43,-0.41,-0.56,-0.54,-0.59,0.46,0.96,0.37,0.03,0.3,-0.27,1.3,2.06,0.95,-2.24,-1.8,-0.07
1990-01-01,-0.24,-0.37,-0.19,-0.36,-0.53,-0.26,-0.12,-0.01,-0.14,-0.3,-0.26,-0.31,-0.41,-0.6,-0.24,-0.01,0.19,-0.05,-1.01,-1.64,-0.3,0.59,0.58,0.6,0.88,0.43,0.16
1990-02-01,-0.37,-0.47,-0.33,-0.42,-0.39,-0.44,-0.31,-0.65,-0.24,-0.43,-0.58,-0.39,-0.37,-0.28,-0.45,-0.29,-0.89,-0.18,-1.52,-1.56,-1.46,-0.39,-0.3,-0.44,0.03,-0.75,-2.04
1990-03-01,-0.07,0.07,-0.13,0.01,0.21,-0.11,-0.15,-0.25,-0.13,-0.26,-0.38,-0.22,0.17,0.43,-0.07,-0.11,-0.33,-0.07,-0.09,0.47,-0.73,-0.69,-0.67,-0.69,0.54,0.78,0.55
1990-04-01,-0.2,-0.34,-0.15,-0.34,-0.46,-0.26,-0.07,-0.07,-0.07,-0.12,-0.06,-0.14,-0.45,-0.56,-0.35,-0.05,-0.08,-0.04,-0.41,-0.18,-0.68,0.34,0.53,0.24,0.04,0.41,-0.32
1990-05-01,-0.04,-0.12,-0.01,-0.13,-0.22,-0.06,0.04,0.1,0.03,-0.09,-0.14,-0.08,-0.16,-0.26,-0.06,0.13,0.32,0.09,-0.32,-0.44,-0.18,0.59,0.92,0.44,-0.98,-0.71,0.49
1990-06-01,-0.03,-0.12,0,-0.02,0.01,-0.04,-0.05,-0.41,0.03,-0.09,-0.17,-0.07,0.01,0.03,-0.02,-0.01,-0.51,0.08,-0.14,-0.21,-0.06,-0.5,-0.87,-0.32,0.59,0.53,0.05
1990-07-01,-0.11,-0.16,-0.09,-0.18,-0.22,-0.15,-0.04,-0.02,-0.05,-0.35,-0.47,-0.32,-0.11,-0.19,-0.05,0.14,0.41,0.09,-0.03,-0.16,0.12,1.98,2.57,1.7,-0.42,-0.34,-0.73
1990-08-01,-0.18,-0.35,-0.11,-0.18,-0.26,-0.13,-0.17,-0.56,-0.09,-0.23,-0.35,-0.19,-0.2,-0.31,-0.11,-0.1,-0.5,-0.03,-0.18,-0.35,0.01,-0.58,-0.94,-0.41,-0.48,-0.24,-0.2
1990-09-01,-0.28,-0.45,-0.22,-0.27,-0.29,-0.26,-0.29,-0.82,-0.18,-0.27,-0.42,-0.23,-0.3,-0.31,-0.3,-0.27,-0.93,-0.16,-0.64,-0.96,-0.27,-0.41,-1.02,-0.12,0.45,0.36,-0.85
1990-10-01,-0.14,-0.17,-0.13,-0.12,-0.23,-0.04,-0.16,-0.03,-0.19,-0.12,-0.13,-0.12,-0.14,-0.27,-0.01,-0.17,0.09,-0.21,-1.01,-1.09,-0.91,-0.24,0.18,-0.43,0.11,-0.22,-0.24
1990-11-01,0.12,0.15,0.1,0.11,0.1,0.12,0.12,0.28,0.09,0,-0.01,0,0.16,0.11,0.19,0.21,0.54,0.15,-1.63,-1.8,-1.45,0.02,0.06,0.01,1.48,0.73,1.01
1990-12-01,0.04,0.07,0.02,0.06,-0.02,0.11,0.01,0.25,-0.04,-0.06,-0.02,-0.07,0.1,-0.05,0.24,0.07,0.56,-0.02,-0.96,-0.67,-1.29,0.48,0.85,0.31,-0.45,-0.41,0.44
1991-01-01,-0.12,-0.35,-0.03,-0.22,-0.48,-0.06,-0.01,-0.08,0,0.1,0.01,0.13,-0.4,-0.61,-0.22,-0.07,-0.13,-0.06,-0.48,-0.34,-0.65,-0.38,-0.35,-0.39,-1.03,-0.72,0.2
1991-02-01,-0.08,-0.04,-0.1,-0.17,-0.29,-0.1,0.01,0.52,-0.1,0.04,0.01,0.05,-0.28,-0.34,-0.22,-0.02,0.84,-0.17,-0.15,-0.2,-0.08,0.51,1.16,0.21,1.48,1.17,1.24
1991-03-01,0.1,-0.15,0.2,0.07,-0.18,0.23,0.13,-0.07,0.18,0.09,0.01,0.11,0.06,-0.24,0.32,0.17,-0.12,0.22,-0.08,-0.36,0.25,-0.26,-0.25,-0.26,-0.57,-0.36,-0.08
1991-04-01,-0.13,-0.03,-0.17,-0.18,-0.11,-0.23,-0.08,0.14,-0.12,-0.11,-0.24,-0.07,-0.23,-0.1,-0.34,-0.05,0.51,-0.15,-0.59,0.02,-1.3,0.7,1.35,0.4,-0.19,-0.25,-0.43
1991-05-01,-0.01,-0.1,0.03,0.01,-0.09,0.08,-0.03,-0.11,-0.01,0.04,-0.15,0.1,0,-0.08,0.08,-0.08,-0.06,-0.08,0.09,0.15,0.03,0.02,-0.52,0.28,0.58,0.46,-0.37
1991-06-01,0.18,0.21,0.17,0.09,0.11,0.08,0.26,0.43,0.23,0.19,0.13,0.21,0.03,0.08,-0.01,0.31,0.75,0.23,-0.03,0.14,-0.23,1.26,1.93,0.95,-0.2,-0.1,0.89
1991-07-01,0.01,0.11,-0.03,-0.01,0.02,-0.03,0.02,0.3,-0.04,-0.11,-0.23,-0.08,0.04,0.07,0.01,0.1,0.77,-0.01,0.5,0.4,0.61,1.47,2.35,1.05,-0.24,-0.39,-0.09
1991-08-01,0.02,0.08,0,0.02,0.01,0.03,0.03,0.23,-0.01,-0.21,-0.34,-0.17,0.12,0.09,0.15,0.17,0.69,0.08,0.17,0.1,0.24,1.05,1.74,0.73,-0.14,-0.18,-0.01
1991-09-01,-0.22,-0.18,-0.24,-0.15,-0.13,-0.16,-0.29,-0.29,-0.3,-0.14,-0.26,-0.11,-0.19,-0.16,-0.22,-0.34,-0.12,-0.37,0.06,0.04,0.09,0.22,0.33,0.17,-0.31,-0.15,-0.58
1991-10-01,-0.37,-0.4,-0.36,-0.34,-0.41,-0.29,-0.4,-0.37,-0.41,-0.61,-0.72,-0.57,-0.2,-0.34,-0.07,-0.29,-0.08,-0.33,-0.56,-0.47,-0.67,0.38,-0.01,0.56,-0.18,-0.11,0.37
1991-11-01,-0.4,-0.41,-0.4,-0.31,-0.35,-0.29,-0.5,-0.54,-0.49,-0.47,-0.56,-0.44,-0.25,-0.29,-0.22,-0.49,-0.53,-0.48,-0.46,0.05,-1.05,-0.31,-0.61,-0.17,-0.97,-0.8,-0.32
1991-12-01,-0.4,-0.39,-0.4,-0.39,-0.49,-0.33,-0.4,-0.17,-0.45,-0.34,-0.42,-0.32,-0.42,-0.48,-0.36,-0.44,-0.06,-0.5,-0.87,-0.91,-0.82,1.02,1.73,0.68,0.77,0.41,-1.41
1992-01-01,-0.34,-0.31,-0.35,-0.37,-0.36,-0.37,-0.31,-0.21,-0.33,-0.35,-0.53,-0.3,-0.35,-0.22,-0.47,-0.31,-0.27,-0.32,-0.24,-0.12,-0.38,0.37,0.35,0.38,0.29,0.2,-1.42
1992-02-01,-0.4,-0.41,-0.39,-0.4,-0.52,-0.33,-0.39,-0.15,-0.44,-0.16,-0.37,-0.1,-0.53,-0.53,-0.53,-0.51,-0.09,-0.59,-0.43,-0.12,-0.79,0.04,0.05,0.04,0.59,0.39,-0.12
1992-03-01,-0.27,-0.42,-0.22,-0.38,-0.56,-0.26,-0.17,-0.09,-0.19,-0.02,-0.09,0.01,-0.59,-0.68,-0.51,-0.23,-0.12,-0.25,-0.22,-0.06,-0.4,-0.04,-0.1,-0.01,-0.49,-0.6,-0.1
1992-04-01,-0.39,-0.6,-0.31,-0.52,-0.73,-0.39,-0.26,-0.29,-0.26,-0.01,0,-0.02,-0.81,-0.92,-0.71,-0.38,-0.53,-0.35,-1.66,-1.69,-1.62,0.01,-0.32,0.16,0.46,0.14,-0.63
1992-05-01,-0.36,-0.58,-0.28,-0.62,-0.84,-0.48,-0.1,0.02,-0.13,-0.17,-0.09,-0.19,-0.84,-1,-0.7,-0.08,0,-0.1,-1.61,-1.61,-1.6,0.79,0.76,0.81,0.07,-0.31,-0.27
1992-06-01,-0.34,-0.56,-0.26,-0.56,-0.8,-0.4,-0.13,0.01,-0.16,-0.12,-0.17,-0.1,-0.81,-0.99,-0.65,-0.11,0.2,-0.16,-1.12,-1.4,-0.81,0.8,0.99,0.72,-0.68,-0.6,-0.42
1992-07-01,-0.5,-0.78,-0.4,-0.75,-0.95,-0.62,-0.26,-0.39,-0.23,-0.53,-0.66,-0.49,-0.87,-1.05,-0.71,-0.11,-0.1,-0.11,-1.16,-1.18,-1.14,0.58,0.5,0.62,-1.34,-1.16,-0.23
1992-08-01,-0.58,-0.76,-0.51,-0.67,-0.76,-0.61,-0.49,-0.75,-0.43,-0.46,-0.64,-0.4,-0.82,-0.83,-0.81,-0.47,-0.72,-0.43,-1.24,-0.95,-1.57,0.08,-0.04,0.14,-1.34,-1.2,-0.74
1992-09-01,-0.6,-1,-0.44,-0.63,-0.91,-0.46,-0.56,-1.22,-0.42,-0.52,-0.67,-0.48,-0.73,-0.99,-0.5,-0.54,-1.55,-0.36,-1.11,-1.28,-0.92,-1.07,-2.21,-0.53,-0.38,-0.96,-1.08
1992-10-01,-0.4,-0.56,-0.34,-0.52,-0.56,-0.5,-0.28,-0.57,-0.21,-0.38,-0.41,-0.37,-0.62,-0.6,-0.64,-0.2,-0.68,-0.11,-1.06,-0.79,-1.36,-0.25,-0.53,-0.12,-0.22,-0.42,-1.23
1992-11-01,-0.4,-0.66,-0.3,-0.42,-0.58,-0.32,-0.39,-0.84,-0.29,-0.57,-0.74,-0.51,-0.33,-0.5,-0.18,-0.31,-1.01,-0.18,-1.01,-0.97,-1.05,-0.31,-0.92,-0.02,-1.31,-1.14,-1.27
1992-12-01,-0.45,-0.51,-0.42,-0.41,-0.44,-0.39,-0.49,-0.67,-0.45,-0.45,-0.47,-0.45,-0.41,-0.41,-0.4,-0.49,-0.9,-0.42,-0.75,-0.46,-1.09,-0.18,-1.13,0.27,-0.29,-0.39,-1.03
1993-01-01,-0.49,-0.47,-0.5,-0.51,-0.51,-0.51,-0.48,-0.37,-0.5,-0.48,-0.7,-0.42,-0.52,-0.45,-0.58,-0.48,-0.14,-0.53,-1.31,-0.77,-1.94,0.37,0.28,0.41,-0.35,-0.53,-0.71
1993-02-01,-0.44,-0.52,-0.41,-0.46,-0.48,-0.45,-0.43,-0.62,-0.39,-0.6,-0.82,-0.53,-0.36,-0.35,-0.37,-0.36,-0.55,-0.32,0.13,0.33,-0.09,-0.14,-0.49,0.03,-1.36,-0.91,-0.63
1993-03-01,-0.56,-0.61,-0.54,-0.59,-0.61,-0.58,-0.53,-0.61,-0.52,-0.51,-0.62,-0.48,-0.63,-0.6,-0.66,-0.54,-0.6,-0.53,-0.96,-0.47,-1.51,-0.44,-0.82,-0.26,-0.84,-0.62,-0.71
1993-04-01,-0.47,-0.72,-0.37,-0.68,-0.86,-0.56,-0.25,-0.4,-0.22,-0.28,-0.44,-0.23,-0.87,-0.96,-0.8,-0.26,-0.41,-0.23,-0.87,-0.88,-0.86,-0.33,-0.88,-0.08,-1.16,-0.91,0
1993-05-01,-0.33,-0.54,-0.25,-0.44,-0.5,-0.4,-0.22,-0.64,-0.13,-0.19,-0.2,-0.19,-0.56,-0.57,-0.55,-0.24,-1.01,-0.11,-0.06,-0.41,0.33,-0.68,-1.78,-0.17,-0.14,0.03,-0.53
1993-06-01,-0.21,-0.47,-0.11,-0.33,-0.52,-0.21,-0.09,-0.35,-0.03,-0.08,-0.24,-0.04,-0.48,-0.61,-0.35,-0.08,-0.38,-0.02,-0.52,-0.78,-0.22,-0.04,-1.06,0.44,-0.74,-0.73,-0.22
1993-07-01,-0.19,-0.37,-0.12,-0.28,-0.34,-0.24,-0.1,-0.42,-0.03,-0.16,-0.27,-0.13,-0.34,-0.38,-0.3,-0.07,-0.48,0.01,-0.08,-0.05,-0.11,-0.16,-0.75,0.11,-0.66,-0.42,0.1
1993-08-01,-0.31,-0.52,-0.23,-0.39,-0.51,-0.31,-0.24,-0.56,-0.17,-0.32,-0.43,-0.29,-0.45,-0.59,-0.33,-0.17,-0.45,-0.12,-0.56,-0.61,-0.51,0.28,-0.49,0.64,-0.51,-0.44,-0.23
1993-09-01,-0.5,-0.71,-0.42,-0.61,-0.68,-0.56,-0.39,-0.77,-0.31,-0.42,-0.5,-0.4,-0.71,-0.77,-0.66,-0.37,-0.84,-0.29,-1.11,-1.06,-1.16,-0.27,-0.81,-0.02,-1.06,-0.96,-1.13
1993-10-01,-0.27,-0.46,-0.2,-0.38,-0.52,-0.29,-0.16,-0.33,-0.13,-0.1,-0.21,-0.06,-0.53,-0.61,-0.45,-0.19,-0.36,-0.16,-0.71,-0.52,-0.92,-0.18,-0.66,0.04,-0.82,-0.48,-0.51
1993-11-01,-0.26,-0.63,-0.11,-0.38,-0.77,-0.13,-0.14,-0.31,-0.1,0.02,-0.04,0.04,-0.6,-0.98,-0.25,-0.22,-0.43,-0.18,-0.76,-1.08,-0.39,-0.3,-1.12,0.09,-1.07,-0.93,-0.04
1993-12-01,-0.07,-0.15,-0.04,-0.07,-0.09,-0.05,-0.07,-0.29,-0.03,0.14,0.06,0.17,-0.17,-0.12,-0.21,-0.2,-0.59,-0.13,-1.21,-0.98,-1.48,-0.82,-1.33,-0.57,-0.34,-0.18,-0.26
1994-01-01,-0.26,-0.39,-0.21,-0.28,-0.4,-0.2,-0.23,-0.34,-0.21,-0.08,-0.09,-0.08,-0.37,-0.5,-0.26,-0.33,-0.49,-0.3,-1.06,-1.27,-0.81,-0.69,-0.78,-0.65,-1.09,-0.76,-0.19
1994-02-01,-0.36,-0.94,-0.13,-0.46,-1.04,-0.1,-0.25,-0.72,-0.16,-0.21,-0.35,-0.17,-0.6,-1.22,-0.04,-0.28,-0.98,-0.16,-0.72,-1.23,-0.15,-0.94,-1.49,-0.67,-1.09,-0.99,-0.44
1994-03-01,-0.32,-0.47,-0.26,-0.36,-0.38,-0.35,-0.28,-0.69,-0.2,-0.26,-0.37,-0.23,-0.39,-0.38,-0.4,-0.32,-0.93,-0.21,-1.01,-0.66,-1.41,-0.47,-1.24,-0.1,0.24,0.02,-1.16
1994-04-01,-0.28,-0.28,-0.28,-0.3,-0.31,-0.3,-0.25,-0.21,-0.26,-0.21,-0.3,-0.19,-0.35,-0.31,-0.37,-0.28,-0.12,-0.31,-0.27,-0.21,-0.34,-0.1,-0.01,-0.14,0.37,0.25,-0.57
1994-05-01,-0.22,-0.25,-0.21,-0.12,-0.13,-0.12,-0.32,-0.53,-0.28,-0.17,-0.3,-0.14,-0.1,-0.09,-0.1,-0.4,-0.68,-0.34,-0.53,-0.18,-0.93,-0.66,-1.64,-0.2,0.11,-0.06,-0.11
1994-06-01,-0.06,0.06,-0.11,-0.06,0.03,-0.12,-0.06,0.11,-0.1,-0.21,-0.4,-0.15,-0.01,0.12,-0.13,0.05,0.59,-0.05,-0.69,-0.6,-0.78,0.79,1.89,0.27,0.77,0.52,-0.32
1994-07-01,-0.1,-0.09,-0.1,-0.09,-0.07,-0.11,-0.1,-0.14,-0.09,-0.22,-0.41,-0.16,-0.05,0,-0.09,-0.01,0.15,-0.04,0,0.26,-0.31,0.43,0.85,0.23,-0.5,-0.42,-0.02
1994-08-01,-0.19,-0.23,-0.17,-0.19,-0.09,-0.25,-0.19,-0.53,-0.12,-0.26,-0.33,-0.24,-0.16,-0.02,-0.28,-0.14,-0.7,-0.04,-0.18,0.2,-0.62,-1.01,-1.5,-0.78,-0.19,0.12,-0.61
1994-09-01,-0.15,-0.15,-0.15,-0.16,-0.17,-0.15,-0.14,-0.09,-0.15,-0.09,-0.24,-0.05,-0.19,-0.15,-0.22,-0.17,0.03,-0.2,-0.46,-0.02,-0.97,0.47,0.41,0.5,-0.55,-0.56,-0.85
1994-10-01,-0.39,-0.32,-0.41,-0.24,-0.24,-0.23,-0.53,-0.5,-0.54,-0.33,-0.42,-0.3,-0.19,-0.19,-0.18,-0.64,-0.58,-0.65,-0.37,0.04,-0.83,-0.2,-0.22,-0.19,-0.35,-0.54,-0.96
1994-11-01,-0.08,-0.03,-0.1,0.02,-0.01,0.04,-0.18,-0.06,-0.21,-0.11,-0.13,-0.11,0.09,0.05,0.13,-0.22,-0.11,-0.24,-1.01,-1.05,-0.96,0.27,-0.28,0.53,0.06,-0.31,-0.36
1994-12-01,-0.04,-0.08,-0.03,0.02,-0.08,0.08,-0.1,-0.08,-0.11,0.13,-0.04,0.18,-0.05,-0.06,-0.04,-0.21,-0.19,-0.21,-0.56,-0.39,-0.76,-0.36,-0.98,-0.06,1.3,0.98,0.03
1995-01-01,-0.1,-0.03,-0.12,0.04,0.15,-0.03,-0.24,-0.44,-0.19,0.06,-0.07,0.09,0.03,0.23,-0.15,-0.39,-0.79,-0.32,0.28,0.77,-0.27,-0.78,-1.45,-0.46,-0.34,-0.16,-0.65
1995-02-01,-0.18,-0.03,-0.24,-0.13,0.11,-0.29,-0.23,-0.34,-0.21,-0.13,-0.4,-0.05,-0.12,0.26,-0.47,-0.3,-0.36,-0.28,0.29,0.88,-0.38,-0.31,-0.37,-0.29,0.17,0.15,-0.54
1995-03-01,-0.2,-0.29,-0.16,-0.28,-0.35,-0.23,-0.11,-0.14,-0.11,-0.03,-0.15,0.01,-0.41,-0.38,-0.44,-0.16,-0.2,-0.15,-0.85,-0.56,-1.19,-0.03,-0.11,0.01,0.33,0.04,-0.07
1995-04-01,0.02,-0.14,0.08,-0.01,-0.2,0.12,0.04,-0.01,0.05,0.17,0.16,0.18,-0.11,-0.3,0.05,-0.02,-0.14,0,0.98,0.93,1.05,0.21,0,0.31,-1.12,-0.73,-0.41
1995-05-01,-0.08,-0.26,0,-0.09,-0.26,0.02,-0.06,-0.25,-0.02,0,-0.04,0.01,-0.14,-0.33,0.02,-0.08,-0.38,-0.03,0.08,0.03,0.13,-0.54,-1.16,-0.26,-1.03,-0.65,-0.04
1995-06-01,0,0.03,-0.01,0.08,0.11,0.06,-0.08,-0.14,-0.07,0.21,0.23,0.2,-0.01,0.04,-0.06,-0.21,-0.31,-0.19,-0.06,-0.09,-0.03,0.18,-0.41,0.46,-0.71,-0.65,-0.52
1995-07-01,-0.07,0.16,-0.15,-0.07,-0.06,-0.08,-0.06,0.63,-0.21,-0.04,0.11,-0.08,-0.07,-0.08,-0.06,-0.09,0.96,-0.27,-0.25,-0.43,-0.03,1.31,2.74,0.63,-0.29,-0.19,-0.54
1995-08-01,0.15,0.35,0.07,0.19,0.29,0.12,0.11,0.49,0.03,0.15,0.25,0.12,0.23,0.32,0.14,0.07,0.58,-0.02,0.41,0.39,0.43,0.45,0.67,0.36,1.41,1.09,0.63
1995-09-01,0.05,-0.02,0.08,0.11,0,0.18,0,-0.05,0.01,0.1,0.13,0.09,0.11,-0.03,0.24,-0.06,-0.19,-0.03,0.37,0.39,0.34,-0.41,-1.06,-0.11,-0.4,0.03,0.31
1995-10-01,-0.08,-0.07,-0.08,-0.13,-0.04,-0.19,-0.02,-0.13,0,-0.02,0.04,-0.03,-0.18,-0.05,-0.29,-0.04,-0.29,0.01,-1.1,-0.83,-1.42,0.13,-0.4,0.39,0.04,-0.1,0.24
1995-11-01,-0.05,0.09,-0.11,0.12,0.19,0.08,-0.23,-0.15,-0.25,-0.13,-0.03,-0.16,0.22,0.25,0.2,-0.25,-0.23,-0.25,0.8,0.83,0.78,-0.64,-0.73,-0.59,-0.43,-0.37,0
1995-12-01,-0.3,-0.53,-0.22,-0.51,-0.68,-0.4,-0.1,-0.19,-0.08,-0.33,-0.4,-0.31,-0.6,-0.7,-0.5,0.02,-0.17,0.05,-0.62,-0.63,-0.62,-0.24,-0.63,-0.06,-0.21,-0.19,0.27
1996-01-01,-0.3,-0.57,-0.19,-0.33,-0.61,-0.15,-0.27,-0.48,-0.22,-0.36,-0.21,-0.41,-0.32,-0.73,0.04,-0.2,-0.62,-0.13,0.34,-0.22,0.97,-0.43,-0.67,-0.32,-0.79,-0.87,-0.48
1996-02-01,-0.15,-0.2,-0.14,-0.23,-0.22,-0.24,-0.08,-0.16,-0.06,-0.18,-0.09,-0.21,-0.25,-0.26,-0.24,-0.03,-0.19,-0.01,-0.18,-0.03,-0.36,0.02,0.2,-0.07,0.24,0.03,-0.37
1996-03-01,-0.08,-0.43,0.05,-0.22,-0.6,0.03,0.05,-0.05,0.07,-0.01,0.01,-0.02,-0.31,-0.76,0.1,0.06,-0.11,0.09,0.76,0.45,1.12,0.11,-0.09,0.2,-1.42,-0.8,0.01
1996-04-01,-0.21,-0.42,-0.12,-0.48,-0.71,-0.33,0.06,0.24,0.02,-0.16,-0.13,-0.16,-0.64,-0.86,-0.45,0.17,0.5,0.11,-0.29,-0.57,0.03,0.65,1.12,0.42,-0.55,-0.58,0.31
1996-05-01,-0.23,-0.32,-0.19,-0.27,-0.2,-0.31,-0.19,-0.59,-0.11,-0.16,-0.17,-0.16,-0.35,-0.23,-0.45,-0.18,-0.84,-0.07,-0.81,-0.76,-0.87,-1.04,-2.02,-0.58,0.24,0.25,0.15
1996-06-01,-0.2,-0.24,-0.19,-0.2,-0.2,-0.2,-0.21,-0.33,-0.18,-0.09,-0.14,-0.08,-0.26,-0.22,-0.3,-0.27,-0.46,-0.23,-0.78,-0.65,-0.94,0.15,-0.44,0.43,0.42,0.25,-0.05
1996-07-01,-0.11,-0.11,-0.1,-0.13,-0.1,-0.14,-0.08,-0.14,-0.07,-0.1,-0.17,-0.08,-0.16,-0.11,-0.2,-0.06,-0.02,-0.07,-0.56,-0.29,-0.87,0.46,0.74,0.32,-0.11,-0.19,-0.2
1996-08-01,-0.05,-0.06,-0.04,-0.29,-0.42,-0.2,0.19,0.73,0.08,-0.19,-0.12,-0.21,-0.34,-0.5,-0.2,0.39,1.38,0.22,-0.96,-1.25,-0.61,2.36,3.37,1.88,-0.16,-0.31,-0.3
1996-09-01,-0.02,-0.21,0.05,-0.28,-0.48,-0.14,0.23,0.4,0.19,0.02,-0.04,0.04,-0.44,-0.62,-0.29,0.35,0.79,0.27,-0.34,-0.64,0,1.44,2.12,1.11,-1.19,-1.25,0.36
1996-10-01,-0.11,-0.25,-0.06,-0.23,-0.34,-0.15,0,-0.05,0.01,-0.08,-0.13,-0.07,-0.33,-0.4,-0.26,0.07,0.04,0.08,-0.55,-0.58,-0.51,0.09,-0.15,0.2,-0.22,-0.55,0.36
1996-11-01,-0.11,-0.11,-0.11,-0.04,-0.11,0.01,-0.18,-0.1,-0.2,-0.25,-0.32,-0.23,0.08,-0.04,0.18,-0.15,0.02,-0.18,0.93,1,0.85,0.44,0.34,0.5,-0.7,-0.29,-0.17
1996-12-01,-0.2,-0.19,-0.21,-0.19,-0.25,-0.16,-0.21,-0.06,-0.25,-0.31,-0.26,-0.32,-0.11,-0.21,-0.02,-0.19,0.01,-0.23,-0.05,-0.31,0.26,-0.02,0.13,-0.09,-0.3,-0.23,-0.04
1997-01-01,-0.3,-0.37,-0.27,-0.53,-0.43,-0.59,-0.07,-0.23,-0.04,-0.38,-0.39,-0.38,-0.58,-0.42,-0.71,0.06,-0.16,0.1,-0.87,-0.65,-1.11,-0.19,-0.21,-0.18,-0.56,-0.6,-0.55
1997-02-01,-0.25,-0.39,-0.19,-0.37,-0.5,-0.28,-0.13,-0.14,-0.12,-0.44,-0.52,-0.41,-0.34,-0.48,-0.22,0.05,0.07,0.04,-1.01,-0.73,-1.33,-0.35,-0.59,-0.24,-0.12,0.04,1.28
1997-03-01,-0.26,-0.39,-0.21,-0.36,-0.49,-0.27,-0.17,-0.17,-0.17,-0.36,-0.33,-0.37,-0.33,-0.48,-0.2,-0.09,-0.2,-0.07,-0.17,-0.33,0.02,0.32,0.05,0.45,0.69,0.3,-0.24
1997-04-01,-0.39,-0.48,-0.35,-0.42,-0.44,-0.4,-0.36,-0.59,-0.31,-0.45,-0.61,-0.4,-0.4,-0.37,-0.42,-0.31,-0.64,-0.25,0.05,0.68,-0.67,-0.41,-0.82,-0.21,-1.8,-1.49,-0.74
1997-05-01,-0.22,-0.54,-0.1,-0.35,-0.51,-0.25,-0.1,-0.61,0.01,-0.24,-0.51,-0.17,-0.42,-0.53,-0.33,-0.01,-0.63,0.1,-0.57,-0.71,-0.4,-0.39,-1.12,-0.04,-0.68,-0.54,-0.18
1997-06-01,-0.16,-0.2,-0.15,-0.23,-0.21,-0.24,-0.1,-0.17,-0.09,-0.14,-0.14,-0.14,-0.3,-0.25,-0.35,-0.05,-0.12,-0.04,-0.21,-0.3,-0.11,0.88,1.04,0.8,-0.23,-0.16,-1.31
1997-07-01,-0.04,-0.21,0.02,-0.03,-0.15,0.05,-0.06,-0.35,0,0.28,0.18,0.3,-0.19,-0.25,-0.13,-0.24,-0.7,-0.16,-0.33,-0.49,-0.15,-0.63,-1.79,-0.09,-0.26,-0.19,-0.84
1997-08-01,-0.04,-0.15,0,0.04,0.02,0.05,-0.12,-0.53,-0.03,0.16,0.05,0.19,-0.04,-0.04,-0.05,-0.25,-0.83,-0.15,-0.1,0.06,-0.29,-0.73,-1.55,-0.34,-0.21,-0.01,-0.67
1997-09-01,-0.11,-0.16,-0.09,0.02,-0.13,0.11,-0.24,-0.22,-0.24,0.28,0.34,0.26,-0.11,-0.25,0.02,-0.52,-0.64,-0.5,0.35,0.22,0.5,-0.88,-1.3,-0.68,0.71,0.74,-0.64
1997-10-01,-0.06,-0.14,-0.03,-0.07,-0.13,-0.03,-0.05,-0.17,-0.03,0.2,0.15,0.21,-0.19,-0.19,-0.19,-0.2,-0.45,-0.16,0.03,0.25,-0.22,-0.07,-0.32,0.04,-0.54,-0.77,-0.58
1997-11-01,-0.04,-0.18,0.01,-0.18,-0.4,-0.03,0.09,0.34,0.04,0.22,0.18,0.23,-0.34,-0.54,-0.16,-0.02,0.41,-0.1,-0.4,-0.64,-0.13,0.77,1.14,0.6,-1.22,-0.99,-0.34
1997-12-01,0.13,0.01,0.17,0.07,-0.19,0.23,0.19,0.47,0.13,0.59,0.39,0.65,-0.21,-0.35,-0.09,-0.02,0.57,-0.12,-0.69,-0.82,-0.53,0.22,0.65,0.02,-0.59,-0.8,0.57
1998-01-01,0.33,0.01,0.46,0.21,-0.16,0.45,0.46,0.4,0.47,1.03,0.84,1.09,-0.24,-0.42,-0.07,0.17,0.04,0.19,-0.1,-0.09,-0.11,-0.2,-0.62,0,0.13,0.13,0.48
1998-02-01,0.49,0.62,0.44,0.44,0.53,0.38,0.54,0.83,0.48,1.15,1.05,1.18,0.04,0.42,-0.3,0.24,0.56,0.19,-1.46,-1.08,-1.89,0.62,0.54,0.67,0.08,0.09,0.54
1998-03-01,0.34,-0.02,0.49,0.3,-0.14,0.58,0.39,0.25,0.42,1.03,0.91,1.07,-0.09,-0.39,0.17,0.06,-0.35,0.13,-0.25,-0.31,-0.18,-0.77,-1.27,-0.53,-0.87,-0.35,0.35
1998-04-01,0.62,0.46,0.68,0.68,0.57,0.76,0.55,0.21,0.62,1.08,1.22,1.04,0.48,0.39,0.56,0.27,-0.52,0.41,-0.13,-0.33,0.1,-0.7,-1.92,-0.12,-0.89,-0.7,0.44
1998-05-01,0.52,0.54,0.51,0.41,0.42,0.4,0.62,0.79,0.59,0.85,0.89,0.84,0.22,0.3,0.15,0.46,0.73,0.41,-0.22,-0.21,-0.23,0.86,0.41,1.07,0.61,0.48,1.5
1998-06-01,0.44,0.49,0.42,0.44,0.46,0.42,0.44,0.54,0.42,0.48,0.46,0.48,0.44,0.46,0.41,0.4,0.6,0.37,0.48,0.79,0.12,0.88,0.8,0.92,-0.39,-0.33,0.13
1998-07-01,0.38,0.47,0.34,0.5,0.64,0.41,0.26,0.09,0.29,0.28,0.42,0.24,0.62,0.72,0.54,0.24,-0.22,0.32,0.84,0.87,0.8,-0.48,-0.86,-0.3,0.76,0.66,-0.35
1998-08-01,0.39,0.46,0.36,0.36,0.47,0.29,0.42,0.44,0.42,0.31,0.43,0.28,0.38,0.49,0.28,0.47,0.41,0.48,0.37,0.42,0.32,0.36,0.36,0.36,0.59,0.32,0.83
1998-09-01,0.27,0.23,0.29,0.35,0.38,0.33,0.2,-0.11,0.26,0.19,0.19,0.19,0.42,0.42,0.42,0.21,-0.32,0.31,-0.2,-0.5,0.15,0.09,-0.52,0.38,1.5,1.22,0.43
1998-10-01,0.24,0.32,0.21,0.31,0.47,0.21,0.17,-0.03,0.21,0.24,0.26,0.24,0.34,0.52,0.17,0.15,-0.22,0.21,-0.52,-0.64,-0.38,-0.67,-1.01,-0.52,0.49,0.46,0.62
1998-11-01,-0.01,-0.09,0.02,-0.02,-0.06,0,0,-0.18,0.03,-0.01,0.07,-0.04,-0.04,-0.1,0.03,0.01,-0.32,0.07,0.09,-0.34,0.57,-0.75,-1.03,-0.62,0.69,0.78,0.53
1998-12-01,0.12,0.19,0.1,0.11,0.32,-0.03,0.14,-0.12,0.2,-0.1,0.05,-0.15,0.23,0.4,0.09,0.25,-0.24,0.34,-0.05,-0.19,0.12,-0.51,-0.81,-0.37,0.69,0.5,0.39
1999-01-01,-0.08,0.08,-0.15,-0.05,0.16,-0.18,-0.12,-0.12,-0.12,-0.26,-0.11,-0.31,0.09,0.23,-0.04,-0.07,-0.11,-0.06,-1.03,-0.98,-1.09,-0.84,-0.48,-1.02,0.48,0.01,0.78
1999-02-01,0,0.32,-0.12,-0.03,0.48,-0.36,0.03,-0.04,0.05,-0.38,-0.13,-0.46,0.18,0.64,-0.23,0.23,0.04,0.26,-0.28,-0.14,-0.44,-0.09,-0.26,0,1.11,0.21,-0.06
1999-03-01,-0.21,-0.29,-0.18,-0.28,-0.39,-0.21,-0.14,-0.06,-0.16,-0.28,-0.09,-0.34,-0.25,-0.5,-0.02,-0.09,0.07,-0.12,-0.07,-0.58,0.51,-0.17,-0.38,-0.06,0,-0.21,0.1
1999-04-01,-0.12,-0.16,-0.1,0.07,0.18,-0.01,-0.3,-0.92,-0.17,-0.35,-0.28,-0.37,0.3,0.29,0.31,-0.29,-1.34,-0.1,-0.17,-0.23,-0.11,-0.93,-2.19,-0.33,0.1,-0.06,-1.1
1999-05-01,-0.16,-0.13,-0.18,-0.12,0.01,-0.2,-0.21,-0.44,-0.16,-0.5,-0.44,-0.52,0.09,0.12,0.06,-0.05,-0.43,0.01,-0.04,-0.18,0.12,-0.71,-1.35,-0.4,-0.27,-0.36,0.45
1999-06-01,-0.29,-0.15,-0.34,-0.13,-0.14,-0.13,-0.45,-0.18,-0.5,-0.47,-0.31,-0.51,0.04,-0.11,0.18,-0.43,-0.03,-0.51,0.04,-0.25,0.37,0.34,0.93,0.06,-0.32,-0.12,-0.59
1999-07-01,-0.15,-0.06,-0.19,-0.12,-0.01,-0.19,-0.19,-0.18,-0.19,-0.42,-0.38,-0.43,0.05,0.1,0,-0.08,-0.06,-0.09,-0.1,-0.27,0.1,-0.12,-0.55,0.08,0.32,0.34,0.51
1999-08-01,-0.2,-0.14,-0.22,-0.18,-0.16,-0.19,-0.22,-0.09,-0.25,-0.38,-0.38,-0.38,-0.07,-0.1,-0.03,-0.15,0.12,-0.2,-0.38,-0.73,0.04,-0.17,-0.05,-0.23,0.22,0.28,0.14
1999-09-01,-0.12,0.02,-0.17,-0.05,0.08,-0.14,-0.18,-0.09,-0.2,-0.41,-0.31,-0.43,0.13,0.16,0.09,-0.06,0.13,-0.09,0.28,0.1,0.5,0.35,0.49,0.29,-0.56,-0.5,0.05
1999-10-01,-0.17,-0.16,-0.18,-0.23,-0.12,-0.3,-0.12,-0.25,-0.09,-0.38,-0.41,-0.37,-0.15,-0.04,-0.24,0.02,-0.13,0.04,-0.44,-0.36,-0.53,0.01,-0.16,0.09,0.52,0.1,-0.23
1999-11-01,-0.2,-0.21,-0.2,-0.07,0.04,-0.14,-0.33,-0.8,-0.24,-0.4,-0.36,-0.41,0.08,0.12,0.05,-0.27,-1.03,-0.14,-0.19,-0.25,-0.11,-0.6,-1.06,-0.39,1.87,1.32,-1.56
1999-12-01,-0.16,-0.05,-0.21,-0.01,0.32,-0.22,-0.32,-0.89,-0.2,-0.42,-0.26,-0.46,0.22,0.48,-0.01,-0.28,-1.4,-0.08,-0.56,-0.11,-1.08,-1.2,-2.49,-0.59,0.62,0.12,-0.68
2000-01-01,-0.42,-0.53,-0.37,-0.43,-0.41,-0.43,-0.41,-0.8,-0.32,-0.39,-0.15,-0.47,-0.42,-0.51,-0.33,-0.44,-1.21,-0.3,-1.08,-1.04,-1.12,-1.44,-2.08,-1.14,0.12,-0.15,-0.74
2000-02-01,-0.23,-0.19,-0.24,-0.3,-0.11,-0.42,-0.16,-0.39,-0.11,-0.56,-0.57,-0.55,-0.13,0.04,-0.28,0.01,-0.34,0.07,0.1,0.46,-0.31,-0.34,-0.9,-0.08,1.37,1.38,0.46
2000-03-01,-0.14,-0.19,-0.12,-0.23,-0.1,-0.31,-0.05,-0.39,0.02,-0.48,-0.36,-0.51,-0.08,-0.05,-0.12,0.15,-0.37,0.25,0.21,0.21,0.21,-0.45,-1,-0.19,0.97,1.01,0.4
2000-04-01,-0.07,0.23,-0.19,0.02,0.45,-0.25,-0.16,-0.26,-0.14,-0.36,-0.28,-0.38,0.23,0.62,-0.12,-0.07,-0.18,-0.04,0.16,0.59,-0.34,-0.67,-0.51,-0.75,0.61,0.49,0
2000-05-01,-0.04,-0.05,-0.03,-0.04,0.09,-0.13,-0.03,-0.36,0.03,-0.28,-0.19,-0.3,0.08,0.16,0,0.1,-0.5,0.2,-0.48,-0.55,-0.41,-0.14,-0.6,0.07,1.3,0.73,-0.13
2000-06-01,-0.07,-0.01,-0.09,-0.08,0.02,-0.15,-0.05,-0.08,-0.04,-0.37,-0.33,-0.38,0.07,0.1,0.05,0.12,0.15,0.11,-0.39,-0.17,-0.63,0.58,1.17,0.3,0.17,0.11,-0.99
2000-07-01,-0.18,-0.15,-0.19,-0.18,-0.06,-0.25,-0.18,-0.35,-0.15,-0.36,-0.37,-0.36,-0.12,-0.03,-0.2,-0.05,-0.18,-0.02,-0.01,0.03,-0.06,0.52,0.5,0.53,-0.26,-0.32,-0.31
2000-08-01,-0.24,-0.16,-0.27,-0.16,-0.09,-0.2,-0.32,-0.32,-0.33,-0.24,-0.27,-0.23,-0.13,-0.07,-0.19,-0.35,-0.27,-0.37,-0.1,-0.32,0.14,0.03,0.46,-0.18,0.31,0.11,-0.73
2000-09-01,-0.14,-0.1,-0.16,-0.14,-0.17,-0.12,-0.15,0.07,-0.19,-0.26,-0.22,-0.27,-0.09,-0.18,-0.01,-0.08,0.36,-0.16,-0.48,-0.45,-0.52,0.64,1.33,0.31,0.21,0.01,0.38
2000-10-01,-0.12,-0.33,-0.04,-0.21,-0.35,-0.12,-0.03,-0.28,0.02,-0.04,-0.17,-0.01,-0.3,-0.4,-0.2,-0.03,-0.35,0.02,0.02,-0.22,0.28,-0.36,-0.9,-0.1,-0.37,-0.48,-0.23
2000-11-01,-0.12,-0.28,-0.06,-0.16,-0.38,-0.02,-0.09,-0.04,-0.1,0.01,-0.06,0.03,-0.27,-0.48,-0.08,-0.12,0,-0.15,0.2,0.17,0.23,0.33,0.79,0.12,-1.78,-1.36,-0.01
2000-12-01,-0.15,-0.22,-0.11,-0.17,-0.3,-0.09,-0.12,-0.04,-0.13,-0.08,-0.09,-0.07,-0.26,-0.36,-0.17,-0.1,0.02,-0.13,0.02,-0.18,0.26,-0.4,-0.04,-0.56,-1.49,-0.94,0.21
2001-01-01,-0.2,-0.09,-0.24,-0.19,-0.02,-0.29,-0.2,-0.25,-0.19,-0.34,-0.35,-0.33,-0.14,0.01,-0.27,-0.1,0,-0.12,-0.25,-0.36,-0.12,-0.07,0,-0.1,-0.17,0.03,0.21
2001-02-01,-0.06,-0.22,0,-0.32,-0.43,-0.24,0.2,0.26,0.19,-0.19,-0.24,-0.18,-0.36,-0.47,-0.25,0.38,0.61,0.34,-0.34,-0.72,0.09,0.03,0.34,-0.13,-0.38,-0.14,0.93
2001-03-01,-0.08,0,-0.11,-0.09,0.07,-0.2,-0.06,-0.16,-0.04,-0.27,-0.43,-0.23,0.03,0.22,-0.14,0.02,0.01,0.02,-0.18,0.09,-0.48,-0.09,0.08,-0.17,-0.98,-0.94,-0.38
2001-04-01,0.07,0.01,0.1,0.02,0.06,-0.01,0.13,-0.1,0.17,-0.03,-0.08,-0.02,0.05,0.09,0.02,0.21,-0.08,0.26,-0.46,-0.23,-0.71,-0.12,-0.21,-0.08,0.4,0.28,-0.2
2001-05-01,0.07,0.23,0.01,0.14,0.33,0.01,0,-0.01,0.01,-0.08,-0.08,-0.08,0.24,0.42,0.07,0.06,0.11,0.05,-0.08,0.1,-0.28,0.57,0.88,0.42,0.39,-0.2,-0.68
2001-06-01,-0.1,-0.06,-0.12,-0.09,0,-0.15,-0.11,-0.21,-0.09,-0.28,-0.48,-0.22,0,0.1,-0.09,-0.02,0.08,-0.03,0.02,0.19,-0.16,-0.05,0.21,-0.18,-0.1,0,0.12
2001-07-01,-0.05,0.02,-0.08,-0.01,0.07,-0.06,-0.1,-0.09,-0.1,-0.13,-0.2,-0.11,0.04,0.12,-0.04,-0.06,0.06,-0.08,0.11,0.38,-0.21,0.43,0.8,0.25,0.14,0.05,-0.72
2001-08-01,0.12,0.09,0.13,0.19,0.23,0.17,0.04,-0.22,0.1,0.09,0.02,0.11,0.21,0.26,0.17,0.05,-0.35,0.12,0.49,0.65,0.31,-0.76,-1.65,-0.34,0.35,0.47,0.44
2001-09-01,-0.17,-0.27,-0.13,-0.17,-0.26,-0.12,-0.17,-0.3,-0.14,-0.22,-0.22,-0.22,-0.17,-0.28,-0.07,-0.13,-0.35,-0.09,0.09,-0.17,0.39,-0.5,-0.25,-0.61,-0.25,-0.18,-0.51
2001-10-01,0.03,-0.22,0.12,-0.1,-0.14,-0.08,0.15,-0.38,0.26,0.08,-0.07,0.12,-0.21,-0.18,-0.23,0.2,-0.56,0.34,-0.66,-0.57,-0.76,-0.33,-0.7,-0.16,-0.35,-0.63,-0.89
2001-11-01,0.04,0.11,0.02,0.06,0.29,-0.08,0.02,-0.31,0.09,0.03,0,0.04,0.08,0.37,-0.18,0.02,-0.56,0.12,-0.28,-0.03,-0.56,-0.75,-1.02,-0.62,1.27,1.06,-0.21
2001-12-01,0.04,-0.1,0.09,0.03,-0.04,0.08,0.04,-0.23,0.09,0.04,0.11,0.02,0.03,-0.06,0.1,0.04,-0.55,0.14,0.65,0.54,0.78,-0.69,-0.72,-0.68,0.17,-0.09,-0.44
2002-01-01,0.09,0.25,0.03,0.2,0.39,0.08,-0.02,-0.05,-0.01,-0.05,-0.12,-0.03,0.34,0.56,0.15,-0.01,-0.1,0.01,-0.09,0.1,-0.3,0.24,0.7,0.02,0.5,0.52,-0.64
2002-02-01,0.14,0.3,0.07,0.14,0.51,-0.1,0.14,-0.17,0.2,0,0.06,-0.01,0.21,0.64,-0.17,0.2,-0.39,0.31,-1.6,-0.97,-2.32,0.22,-0.37,0.51,0.41,0.07,-0.34
2002-03-01,0.11,0.21,0.06,0.14,0.19,0.11,0.07,0.27,0.03,0.02,-0.04,0.04,0.21,0.24,0.18,0.09,0.51,0.02,0.73,0.47,1.02,0.96,1.41,0.75,-0.92,-0.56,-0.42
2002-04-01,0.11,0.02,0.14,0.04,-0.15,0.16,0.18,0.43,0.12,-0.05,0.02,-0.08,0.09,-0.21,0.36,0.29,0.76,0.2,-0.58,-0.72,-0.43,0.66,1.4,0.3,0.97,0.74,0.46
2002-05-01,0.12,0.15,0.11,0.01,-0.17,0.12,0.24,0.85,0.11,0.14,0.11,0.15,-0.06,-0.25,0.11,0.29,1.45,0.08,0.29,0.12,0.48,1.47,3.03,0.73,-0.55,-0.32,0.57
2002-06-01,0.17,0.13,0.18,-0.02,-0.04,0,0.35,0.53,0.31,0.06,-0.04,0.09,-0.04,-0.03,-0.05,0.48,0.91,0.4,0,0.02,-0.03,0.82,1.35,0.57,0.53,0.37,1.53
2002-07-01,0.1,0.16,0.07,0.11,0.13,0.1,0.09,0.24,0.05,0.24,0.19,0.26,0.02,0.08,-0.04,0.03,0.4,-0.04,-0.19,-0.12,-0.28,0.08,0.97,-0.34,0.46,0.27,0.65
2002-08-01,0.05,-0.14,0.13,-0.16,-0.22,-0.11,0.26,0.05,0.3,0.1,0.09,0.11,-0.3,-0.33,-0.26,0.34,0.11,0.39,-0.25,-0.47,0.01,0.21,-0.1,0.36,-0.25,-0.42,0.28
2002-09-01,0.03,-0.02,0.05,-0.09,-0.12,-0.07,0.16,0.22,0.15,0.03,-0.03,0.04,-0.16,-0.17,-0.16,0.24,0.48,0.2,-0.16,-0.22,-0.09,1.21,1.34,1.14,0.21,0.27,0.25
2002-10-01,-0.09,-0.17,-0.06,-0.34,-0.51,-0.23,0.16,0.6,0.07,0.03,-0.03,0.05,-0.5,-0.61,-0.4,0.19,1,0.05,0.62,0.56,0.69,0.86,1.47,0.57,-1.47,-0.86,0.76
2002-11-01,0.07,0.08,0.07,0.03,0.04,0.02,0.12,0.16,0.12,0.11,0,0.14,0,0.06,-0.06,0.12,0.24,0.09,0.67,0.72,0.61,0.38,0.27,0.43,-0.7,-0.12,0.51
2002-12-01,0.03,-0.29,0.15,-0.14,-0.43,0.04,0.19,0.03,0.23,0.27,0.14,0.31,-0.35,-0.56,-0.15,0.14,-0.1,0.19,0.49,-0.14,1.22,0.41,0.04,0.58,-0.43,-0.17,-0.37
2003-01-01,0.2,0.42,0.11,0.31,0.47,0.2,0.08,0.3,0.04,0.32,0.29,0.33,0.29,0.53,0.08,-0.03,0.27,-0.08,0.25,0.41,0.06,0.7,0.67,0.72,0.53,0.82,-0.13
2003-02-01,0.09,-0.01,0.13,-0.05,-0.23,0.06,0.23,0.49,0.18,0.37,0.29,0.4,-0.29,-0.38,-0.2,0.17,0.72,0.08,-0.2,-0.18,-0.21,0.46,1.4,0.02,-0.93,-0.52,0.03
2003-03-01,0.02,-0.13,0.07,-0.1,-0.28,0.02,0.13,0.21,0.11,0.14,0.01,0.18,-0.23,-0.35,-0.13,0.13,0.36,0.09,0.15,0.13,0.17,0.24,0.76,-0.01,-0.17,-0.17,-0.48
2003-04-01,0.03,-0.06,0.06,0.06,-0.07,0.15,-0.01,-0.03,-0.01,0.11,0.1,0.11,0.04,-0.12,0.18,-0.08,-0.1,-0.07,0.04,-0.18,0.3,0.07,-0.1,0.15,0.09,0.23,-0.27
2003-05-01,0.08,0.03,0.1,0.14,0.03,0.21,0.02,0.02,0.02,0.07,0.14,0.05,0.17,-0.01,0.34,0,-0.02,0,0.08,-0.02,0.2,-0.75,-0.88,-0.68,0.1,-0.07,0.76
2003-06-01,-0.14,-0.25,-0.1,-0.08,-0.26,0.03,-0.2,-0.23,-0.19,-0.19,-0.21,-0.18,-0.02,-0.26,0.2,-0.21,-0.28,-0.2,-0.11,-0.34,0.15,-0.66,-0.95,-0.53,-0.56,-0.48,-0.09
2003-07-01,-0.06,-0.1,-0.04,-0.11,-0.11,-0.11,0,-0.07,0.01,-0.02,-0.05,-0.01,-0.15,-0.11,-0.18,-0.01,-0.14,0.01,0.15,0.33,-0.05,-0.49,-0.74,-0.37,0.3,0.3,0.37
2003-08-01,-0.04,-0.06,-0.03,0.03,0.11,-0.01,-0.11,-0.45,-0.04,0,-0.12,0.03,0.04,0.14,-0.05,-0.15,-0.62,-0.07,0.56,0.65,0.45,0.02,-0.48,0.26,0.43,0.3,-0.4
2003-09-01,-0.02,0.07,-0.06,0.07,0.07,0.07,-0.12,0.06,-0.16,-0.05,-0.18,-0.01,0.11,0.13,0.1,-0.14,0.25,-0.21,0.28,0.52,0.01,0.3,0.4,0.26,-0.47,-0.53,0.72
2003-10-01,0.12,0.18,0.1,0.27,0.36,0.21,-0.03,-0.24,0.02,0.19,0.18,0.2,0.29,0.39,0.2,-0.12,-0.52,-0.05,0.93,1.08,0.76,-0.73,-0.81,-0.69,0.92,1.04,-0.92
2003-11-01,0.04,-0.29,0.16,-0.14,-0.43,0.05,0.21,0.04,0.24,0.17,0.12,0.19,-0.28,-0.57,-0.02,0.21,-0.04,0.25,-0.64,-0.89,-0.36,-0.03,-0.27,0.08,-0.31,-0.45,-0.05
2003-12-01,0.25,0.48,0.17,0.37,0.54,0.26,0.14,0.34,0.1,0.14,0.1,0.16,0.5,0.67,0.35,0.12,0.46,0.06,0.28,0.68,-0.19,0.33,0.86,0.08,0.38,0.31,0.68
2004-01-01,0.07,0,0.09,-0.04,-0.09,0,0.17,0.21,0.17,0.22,0.17,0.23,-0.16,-0.15,-0.17,0.14,0.2,0.13,0.36,0.24,0.49,0.27,0.57,0.12,-0.42,-0.42,-0.32
2004-02-01,0.08,0.31,0,0.22,0.34,0.15,-0.05,0.24,-0.11,0.12,-0.1,0.18,0.23,0.44,0.04,-0.1,0.52,-0.21,0.25,0.55,-0.09,0.33,0.96,0.03,-0.61,-0.5,0.8
2004-03-01,0.22,0.32,0.19,0.33,0.36,0.32,0.11,0.23,0.09,0.16,0.19,0.16,0.41,0.4,0.42,0.1,0.26,0.07,-0.1,-0.35,0.19,0.18,0.39,0.08,1.32,0.99,0.41
2004-04-01,0.01,-0.09,0.05,0,-0.15,0.1,0.02,0.05,0.02,-0.03,-0.07,-0.02,0.03,-0.16,0.21,0.04,0.11,0.03,0.17,-0.47,0.9,-0.22,0.02,-0.33,0.08,0.26,-0.02
2004-05-01,-0.05,-0.14,-0.02,0.06,-0.03,0.12,-0.16,-0.38,-0.11,-0.06,-0.06,-0.06,0.11,-0.04,0.25,-0.2,-0.55,-0.14,0.15,0.09,0.21,-0.54,-0.54,-0.54,0.35,0.69,-0.26
2004-06-01,-0.14,-0.31,-0.07,-0.28,-0.45,-0.17,0.01,0,0.01,-0.29,-0.43,-0.25,-0.27,-0.48,-0.09,0.16,0.38,0.12,-0.27,-0.41,-0.12,0,-0.06,0.03,-0.86,-0.38,1.39
2004-07-01,-0.37,-0.7,-0.24,-0.42,-0.61,-0.3,-0.31,-0.89,-0.19,-0.41,-0.43,-0.4,-0.44,-0.66,-0.24,-0.25,-1.23,-0.08,-0.26,-0.47,-0.03,-1.51,-2.61,-0.99,-0.83,-0.55,-0.34
2004-08-01,-0.23,-0.41,-0.16,-0.2,-0.44,-0.05,-0.25,-0.34,-0.23,-0.06,-0.09,-0.05,-0.3,-0.54,-0.08,-0.33,-0.49,-0.3,-0.03,-0.32,0.29,-0.96,-1.23,-0.84,-1.49,-0.86,-0.22
2004-09-01,-0.15,-0.25,-0.12,-0.21,-0.19,-0.22,-0.1,-0.38,-0.04,-0.25,-0.27,-0.25,-0.17,-0.17,-0.18,-0.03,-0.45,0.05,-0.36,-0.39,-0.34,-0.33,-0.96,-0.03,-0.13,-0.45,-0.55
2004-10-01,-0.02,-0.14,0.03,-0.09,-0.23,0.01,0.06,0.07,0.05,0,-0.04,0.02,-0.12,-0.29,0.02,0.07,0.16,0.06,-0.27,-0.55,0.05,-0.02,0.33,-0.19,-0.25,-0.14,0.53
2004-11-01,-0.07,0,-0.1,0,0.08,-0.05,-0.15,-0.18,-0.14,0.08,0,0.1,-0.04,0.09,-0.16,-0.27,-0.3,-0.26,-0.44,-0.13,-0.79,-0.33,-0.52,-0.25,0.09,0,-0.28
2004-12-01,-0.07,-0.2,-0.03,-0.1,-0.33,0.04,-0.04,0.1,-0.07,0.11,0.11,0.11,-0.21,-0.47,0.02,-0.13,0.17,-0.18,-1.23,-1.38,-1.05,0.28,0.95,-0.04,0.02,0.07,-0.45
2005-01-01,0.15,0.15,0.15,0.19,0.06,0.28,0.11,0.36,0.06,0.19,0.13,0.21,0.2,0.07,0.31,0.06,0.41,0,0.66,0.63,0.69,0.62,0.81,0.53,0.93,1.09,0.11
2005-02-01,0.01,-0.25,0.11,-0.1,-0.47,0.14,0.12,0.26,0.09,0.42,0.54,0.39,-0.38,-0.74,-0.06,-0.02,0.07,-0.04,0.44,0.07,0.86,-0.13,0.02,-0.2,0.4,0.25,-0.05
2005-03-01,0.06,0.04,0.06,0.12,-0.03,0.21,0,0.2,-0.05,0.35,0.3,0.37,-0.01,-0.13,0.09,-0.18,0.15,-0.24,0.58,0.53,0.64,-0.01,0.53,-0.26,-1.14,-0.72,-0.08
2005-04-01,0.2,0.31,0.16,0.28,0.37,0.23,0.12,0.16,0.11,0.31,0.35,0.3,0.26,0.39,0.14,0.03,-0.03,0.04,0.5,0.67,0.3,-0.2,-0.68,0.03,-0.08,0.03,1.28
2005-05-01,0.01,-0.07,0.04,-0.11,-0.15,-0.09,0.12,0.1,0.13,0.01,-0.09,0.05,-0.18,-0.12,-0.23,0.18,0.11,0.2,0.52,0.78,0.23,0.08,-0.1,0.16,-0.69,-0.34,0.44
2005-06-01,0.02,0.06,0,0.1,0.01,0.16,-0.07,0.18,-0.12,0.14,0.14,0.15,0.07,-0.01,0.13,-0.17,0.16,-0.23,0.06,-0.03,0.16,0.34,0.6,0.21,-0.08,-0.01,-0.21
2005-07-01,0.09,0.08,0.09,0.13,0.02,0.21,0.04,0.23,0,0.13,0.04,0.15,0.15,0.03,0.25,-0.02,0.31,-0.08,0.09,-0.12,0.32,-0.01,0.01,-0.02,0.5,0.29,0.49
2005-08-01,-0.03,-0.03,-0.02,0.04,-0.04,0.09,-0.09,-0.03,-0.11,0.06,0.1,0.05,0.03,-0.06,0.11,-0.18,-0.15,-0.18,0.11,0.07,0.14,-0.07,-0.57,0.17,-0.03,0.17,0.07
2005-09-01,0.08,0.15,0.05,0.07,0.17,0.01,0.08,0.1,0.08,0.12,0.12,0.12,0.03,0.18,-0.1,0.08,0.11,0.07,-0.49,-0.2,-0.83,0.17,0.72,-0.09,0.49,0.49,0.31
2005-10-01,0.11,0.27,0.04,0.16,0.32,0.06,0.06,0.17,0.03,-0.04,-0.03,-0.04,0.26,0.41,0.12,0.11,0.3,0.07,0.3,0.36,0.24,0.54,0.63,0.5,0.58,0.32,0.42
2005-11-01,0.07,0.18,0.02,0.09,0.27,-0.03,0.05,-0.03,0.07,0.08,0.1,0.07,0.09,0.32,-0.12,0.04,-0.13,0.07,0.68,1.16,0.12,-0.06,-0.47,0.13,0.56,0.15,0.31
2005-12-01,-0.04,0.19,-0.12,-0.02,0.12,-0.11,-0.05,0.34,-0.13,-0.04,-0.02,-0.05,-0.02,0.13,-0.15,-0.05,0.68,-0.18,1.01,1.23,0.76,0.77,1.66,0.35,-0.63,-0.21,0.45
2006-01-01,0.01,-0.07,0.04,-0.06,-0.16,0.01,0.07,0.13,0.06,-0.1,0.13,-0.16,-0.05,-0.28,0.16,0.17,0.25,0.15,-0.13,-1.18,1.08,0.09,-0.05,0.15,1.38,0.77,0.74
2006-02-01,0.01,0.1,-0.03,0.09,0.19,0.02,-0.07,-0.12,-0.06,0.08,0.23,0.04,0.1,0.16,0.04,-0.16,-0.32,-0.13,0.65,0.16,1.21,-0.12,-0.41,0.01,-0.46,-0.57,-0.37
2006-03-01,0.03,0,0.03,-0.03,-0.02,-0.04,0.08,0.05,0.09,-0.17,-0.17,-0.17,0.08,0.02,0.13,0.18,0.19,0.17,0.49,0.28,0.73,0.11,0.28,0.03,-0.58,-0.43,0.31
2006-04-01,-0.05,-0.08,-0.04,-0.1,-0.1,-0.1,-0.01,-0.02,-0.01,-0.22,-0.28,-0.21,-0.05,-0.07,-0.03,0.12,0.21,0.1,-0.84,-1.15,-0.47,0.09,0.28,0,1.49,0.97,0.27
2006-05-01,-0.22,-0.31,-0.18,-0.11,-0.11,-0.11,-0.32,-0.76,-0.23,-0.32,-0.44,-0.28,-0.01,-0.02,0.01,-0.32,-1.01,-0.19,0.02,-0.05,0.09,-0.97,-1.43,-0.75,0.2,0.22,-0.83
2006-06-01,-0.08,0,-0.11,-0.03,0.08,-0.11,-0.12,-0.17,-0.11,-0.15,-0.24,-0.12,0.04,0.16,-0.07,-0.12,-0.11,-0.12,0.28,0.42,0.11,-0.09,-0.21,-0.03,0.19,0.09,-0.56
2006-07-01,-0.02,-0.01,-0.02,0.03,0.05,0.01,-0.07,-0.15,-0.05,0.05,0.04,0.06,0,0.03,-0.02,-0.12,-0.23,-0.11,-0.05,-0.13,0.04,-0.75,-1.28,-0.5,0.62,0.45,-0.15
2006-08-01,0,0.05,-0.02,-0.02,-0.09,0.02,0.02,0.37,-0.05,0.01,-0.01,0.01,-0.03,-0.1,0.04,0.02,0.67,-0.1,0.06,-0.07,0.21,0.22,1.23,-0.26,0.02,-0.19,0.76
2006-09-01,-0.03,-0.01,-0.03,0.03,0.08,-0.01,-0.08,-0.23,-0.05,-0.11,-0.25,-0.07,0.12,0.16,0.07,-0.08,-0.18,-0.06,0.99,1.19,0.77,-0.34,-0.46,-0.28,-1.38,-0.92,0.18
2006-10-01,0.06,-0.02,0.09,-0.01,-0.07,0.03,0.13,0.1,0.14,0.15,0.06,0.18,-0.09,-0.11,-0.07,0.11,0.15,0.11,-0.22,-0.34,-0.09,0.02,-0.19,0.11,-0.82,-0.61,0.29
2006-11-01,-0.06,-0.06,-0.06,-0.11,-0.12,-0.1,-0.02,0.07,-0.03,-0.04,-0.19,0,-0.12,-0.1,-0.15,-0.02,0.24,-0.07,0.03,-0.12,0.2,-0.12,-0.1,-0.13,0.25,-0.11,0.62
2006-12-01,0.05,0.15,0.01,0.2,0.4,0.08,-0.11,-0.41,-0.05,0.23,0.07,0.28,0.19,0.47,-0.05,-0.29,-0.72,-0.22,0.36,0.45,0.26,-0.89,-1.29,-0.69,0.82,0.53,-0.96
2007-01-01,0.28,0.54,0.18,0.37,0.65,0.19,0.2,0.31,0.18,0.45,0.29,0.5,0.35,0.76,-0.02,0.04,0.24,0.01,-0.22,0.41,-0.94,0.43,0.54,0.38,-0.03,-0.2,-0.08
2007-02-01,0.03,0.01,0.04,0.1,0.04,0.13,-0.04,-0.07,-0.04,0.19,0.19,0.19,0.04,-0.01,0.09,-0.16,-0.23,-0.15,0,-0.64,0.73,-0.25,-0.54,-0.11,-0.85,-0.7,-0.07
2007-03-01,0.13,0.23,0.09,0.16,0.19,0.14,0.1,0.32,0.05,0.03,0,0.04,0.2,0.22,0.18,0.15,0.6,0.07,-0.07,-0.2,0.09,0.32,0.77,0.1,1.75,0.95,0.74
2007-04-01,0.02,0.24,-0.07,0.09,0.23,0,-0.05,0.25,-0.11,-0.03,0.04,-0.05,0.15,0.29,0.03,-0.06,0.4,-0.14,0.96,1.07,0.84,0.2,0.83,-0.1,-0.14,0.03,0.24
2007-05-01,0.02,0.34,-0.11,0.03,0.24,-0.11,0.01,0.57,-0.11,0.02,0.14,-0.02,0.03,0.27,-0.19,0.01,0.87,-0.14,-0.63,-0.49,-0.78,0.64,2.34,-0.16,0.39,0.25,0.54
2007-06-01,-0.01,0.11,-0.05,0.08,0.07,0.08,-0.09,0.19,-0.14,0,0.02,-0.01,0.11,0.1,0.12,-0.12,0.28,-0.2,0.49,-0.03,1.08,0.75,1.76,0.27,0.09,0.07,-1.57
2007-07-01,0.05,0.15,0.01,0.09,0.11,0.07,0.01,0.26,-0.04,0.04,0.02,0.05,0.09,0.14,0.06,0.01,0.41,-0.06,0.47,0.4,0.56,0.75,1.57,0.37,0.21,0.22,-0.01
2007-08-01,0.07,0.18,0.03,0.05,0.18,-0.02,0.09,0.2,0.07,-0.1,-0.02,-0.12,0.16,0.27,0.07,0.17,0.24,0.16,0.3,0.27,0.34,-0.07,0.3,-0.25,0.94,0.93,0.66
2007-09-01,-0.05,0.09,-0.11,-0.04,0.04,-0.09,-0.06,0.22,-0.12,-0.06,-0.04,-0.07,-0.01,0.09,-0.09,-0.08,0.33,-0.15,-0.62,-0.64,-0.59,-0.78,-0.33,-0.99,0.21,0.22,0.53
2007-10-01,-0.04,0.05,-0.08,-0.01,0.11,-0.09,-0.07,-0.06,-0.07,-0.24,-0.21,-0.24,0.12,0.19,0.06,0,0.03,0,0.27,0.18,0.38,-0.29,-0.12,-0.37,1.12,0.65,0.44
2007-11-01,-0.09,-0.05,-0.11,-0.14,-0.04,-0.21,-0.04,-0.07,-0.04,-0.23,-0.07,-0.27,-0.1,-0.02,-0.16,0.05,-0.08,0.07,-0.19,-0.1,-0.3,0.19,0.41,0.09,0.31,0.38,-0.22
2007-12-01,-0.16,-0.16,-0.16,-0.19,-0.03,-0.3,-0.12,-0.46,-0.05,-0.38,-0.2,-0.43,-0.1,0,-0.18,0.02,-0.6,0.12,0.25,0.17,0.34,-0.44,-1.18,-0.1,-0.1,-0.19,-0.12
2008-01-01,-0.36,-0.58,-0.28,-0.51,-0.67,-0.41,-0.22,-0.37,-0.18,-0.42,-0.32,-0.45,-0.54,-0.75,-0.35,-0.13,-0.45,-0.08,-0.71,-0.58,-0.86,-0.47,-1.07,-0.18,-1.27,-1.41,0.21
2008-02-01,-0.3,-0.4,-0.26,-0.2,-0.25,-0.17,-0.39,-0.73,-0.32,-0.56,-0.48,-0.58,-0.02,-0.19,0.14,-0.3,-0.9,-0.19,-0.44,-0.41,-0.48,-0.7,-1.52,-0.32,-0.01,-0.21,-0.67
2008-03-01,-0.27,0.21,-0.46,-0.06,0.48,-0.4,-0.48,-0.38,-0.5,-0.68,-0.46,-0.75,0.24,0.67,-0.14,-0.34,-0.15,-0.37,-0.26,0.25,-0.84,-0.11,0.38,-0.34,-0.98,-1.02,-0.64
2008-04-01,-0.25,-0.05,-0.33,-0.09,0,-0.15,-0.41,-0.17,-0.47,-0.63,-0.44,-0.69,0.18,0.12,0.24,-0.28,0.04,-0.34,-0.33,-0.53,-0.1,0.82,1.7,0.4,-0.36,-0.32,-1.13
2008-05-01,-0.39,-0.19,-0.46,-0.26,-0.13,-0.34,-0.51,-0.32,-0.55,-0.65,-0.48,-0.7,-0.08,-0.06,-0.1,-0.41,-0.14,-0.46,0.39,0.39,0.4,0.19,0.43,0.07,-0.39,-0.45,-0.64
2008-06-01,-0.31,-0.2,-0.36,-0.31,-0.1,-0.44,-0.32,-0.42,-0.3,-0.45,-0.28,-0.5,-0.21,-0.04,-0.36,-0.27,-0.54,-0.22,-0.34,-0.22,-0.48,-0.91,-1.49,-0.63,-0.48,-0.58,0.44
2008-07-01,-0.23,-0.13,-0.27,-0.2,-0.17,-0.22,-0.26,-0.04,-0.31,-0.36,-0.29,-0.38,-0.1,-0.12,-0.08,-0.23,0.1,-0.29,-0.15,-0.28,0.01,-0.1,-0.08,-0.11,-0.12,-0.24,-0.57
2008-08-01,-0.29,-0.23,-0.31,-0.19,-0.04,-0.29,-0.39,-0.68,-0.33,-0.36,-0.13,-0.42,-0.09,0.02,-0.18,-0.42,-1.17,-0.29,0.14,0.12,0.17,-0.8,-1.48,-0.48,-0.16,-0.32,-1.71
2008-09-01,-0.15,-0.18,-0.14,-0.18,-0.23,-0.14,-0.13,-0.06,-0.14,-0.15,0,-0.2,-0.19,-0.28,-0.11,-0.11,-0.13,-0.1,0.03,-0.04,0.12,-0.1,-0.32,0,-0.47,-0.49,0.12
2008-10-01,-0.16,0.03,-0.23,-0.15,0.1,-0.31,-0.17,-0.14,-0.18,-0.08,0.05,-0.12,-0.15,0.13,-0.41,-0.25,-0.32,-0.24,-0.49,-0.12,-0.91,-0.83,-1.27,-0.63,-0.09,-0.5,0.41
2008-11-01,-0.07,0.05,-0.12,-0.12,0.08,-0.25,-0.02,-0.02,-0.02,-0.07,0.16,-0.13,-0.15,0.05,-0.33,0.01,-0.12,0.03,-0.27,-0.15,-0.41,-0.47,-0.74,-0.34,-0.02,-0.3,0.19
2008-12-01,-0.1,-0.17,-0.07,-0.04,-0.18,0.04,-0.16,-0.14,-0.16,-0.23,-0.07,-0.28,0.07,-0.23,0.34,-0.13,-0.14,-0.13,0.29,-0.03,0.66,-0.52,-0.64,-0.46,-0.39,-0.29,0.11
2009-01-01,-0.04,0.05,-0.07,0.01,0.1,-0.06,-0.08,-0.06,-0.08,-0.28,-0.12,-0.33,0.18,0.16,0.2,0,0.01,0,0.28,0.24,0.33,-0.09,0,-0.13,0.21,0.05,0.19
2009-02-01,-0.04,0.18,-0.12,0.08,0.25,-0.03,-0.16,0,-0.19,-0.19,-0.03,-0.23,0.22,0.28,0.17,-0.14,0.16,-0.2,-0.08,-0.33,0.2,-0.34,0.36,-0.67,-0.01,-0.1,0.07
2009-03-01,-0.1,-0.04,-0.12,-0.14,-0.12,-0.15,-0.06,0.14,-0.1,-0.31,-0.14,-0.36,0,-0.09,0.08,0.03,0.3,-0.01,-0.27,-0.38,-0.13,0.51,0.79,0.38,0.18,-0.07,-0.12
2009-04-01,-0.14,-0.13,-0.14,-0.15,-0.11,-0.18,-0.12,-0.17,-0.11,-0.1,-0.09,-0.1,-0.19,-0.15,-0.22,-0.13,-0.13,-0.13,-0.39,-0.23,-0.57,-0.52,-0.35,-0.6,-0.48,-0.48,-0.52
2009-05-01,-0.18,-0.16,-0.19,-0.24,-0.29,-0.2,-0.13,0.14,-0.18,-0.2,-0.2,-0.2,-0.27,-0.34,-0.2,-0.07,0.49,-0.17,-0.35,-0.62,-0.04,0.61,1.75,0.07,0.17,0.22,-0.89
2009-06-01,-0.3,-0.33,-0.28,-0.38,-0.51,-0.3,-0.21,0.08,-0.27,-0.13,-0.14,-0.12,-0.53,-0.62,-0.44,-0.24,0.29,-0.34,-0.43,-0.28,-0.6,0.34,1.3,-0.11,-0.58,-0.56,-0.05
2009-07-01,0.08,-0.05,0.13,-0.17,-0.32,-0.07,0.33,0.58,0.28,0.2,0.13,0.22,-0.35,-0.46,-0.26,0.39,0.96,0.29,-0.29,-0.43,-0.14,1.43,2.76,0.8,-1.11,-0.78,0.57
2009-08-01,-0.07,-0.09,-0.06,-0.08,-0.26,0.03,-0.05,0.28,-0.12,0.2,0.19,0.21,-0.26,-0.41,-0.12,-0.16,0.45,-0.27,-0.41,-0.36,-0.46,0.03,0.27,-0.09,-0.48,-0.46,1.44
2009-09-01,0.1,0.24,0.04,0.14,0.26,0.06,0.05,0.19,0.02,0.34,0.41,0.32,0.02,0.22,-0.17,-0.08,0.02,-0.1,0.1,0.48,-0.34,-0.44,0.26,-0.77,-0.03,-0.06,0.36
2009-10-01,0,-0.18,0.07,-0.02,-0.2,0.09,0.02,-0.14,0.05,0.19,0.15,0.2,-0.16,-0.31,-0.03,-0.04,-0.3,0,-0.13,-0.26,0.03,-0.31,-0.28,-0.33,-1.23,-0.71,-0.47
2009-11-01,0.13,0.18,0.12,0.05,0.07,0.04,0.22,0.43,0.18,0.29,0.24,0.3,-0.05,0.04,-0.13,0.16,0.53,0.09,-0.39,-0.71,-0.03,0.54,0.52,0.55,0.83,0.33,0.61
2009-12-01,-0.01,-0.16,0.05,-0.09,-0.3,0.05,0.07,0.16,0.05,0.3,0.16,0.34,-0.29,-0.44,-0.16,-0.04,0.23,-0.09,0.89,0.38,1.48,0.01,0.19,-0.08,-1.86,-1.16,0.33
2010-01-01,0.36,0.47,0.32,0.44,0.49,0.41,0.28,0.43,0.25,0.49,0.39,0.52,0.36,0.48,0.25,0.22,0.56,0.16,0.81,0.74,0.88,0.68,1.16,0.45,-0.53,-0.41,0.22
2010-02-01,0.3,0.25,0.32,0.22,0.14,0.27,0.38,0.51,0.36,0.71,0.69,0.72,-0.07,0,-0.13,0.24,0.34,0.22,0.72,0.61,0.84,0.52,0.74,0.42,-2.17,-1.71,-0.37
2010-03-01,0.38,0.44,0.36,0.39,0.42,0.38,0.37,0.5,0.35,0.66,0.55,0.69,0.24,0.38,0.11,0.24,0.46,0.2,0.28,0.16,0.41,0.33,0.55,0.23,-0.25,-0.36,0.05
2010-04-01,0.2,0.17,0.21,0.28,0.19,0.34,0.12,0.14,0.11,0.57,0.58,0.57,0.12,0.11,0.14,-0.12,-0.27,-0.09,0.85,0.8,0.91,-0.66,-0.94,-0.52,0.18,0.09,0.62
2010-05-01,0.29,0.31,0.28,0.42,0.37,0.45,0.15,0.17,0.15,0.68,0.69,0.67,0.27,0.29,0.24,-0.11,-0.23,-0.08,1.09,1.07,1.12,-0.81,-0.57,-0.92,-0.53,-0.39,0.04
2010-06-01,0.18,0.11,0.21,0.23,0.22,0.23,0.13,-0.16,0.19,0.29,0.38,0.27,0.21,0.21,0.22,0.02,-0.64,0.14,-0.07,-0.28,0.18,-0.99,-1.75,-0.64,0.56,0.41,-0.05
2010-07-01,0.2,0.13,0.22,0.32,0.41,0.26,0.07,-0.49,0.19,0.13,0.16,0.12,0.44,0.51,0.38,0.02,-1.09,0.22,0.45,0.71,0.14,-1.41,-2.49,-0.89,0.49,0.33,-0.52
2010-08-01,0.21,0.22,0.21,0.34,0.4,0.3,0.09,-0.2,0.15,0.12,0.26,0.08,0.47,0.46,0.48,0.05,-0.64,0.17,0.58,0.43,0.74,-1.08,-1.88,-0.7,0.85,0.81,-0.08
2010-09-01,0.19,0.18,0.2,0.15,0.18,0.13,0.24,0.17,0.25,-0.04,0.13,-0.08,0.28,0.25,0.31,0.34,0.05,0.4,0.3,0.02,0.62,0.34,0.3,0.36,0.51,0.78,-0.57
2010-10-01,0.02,0.07,0,-0.02,0.17,-0.14,0.06,-0.17,0.1,-0.12,0.11,-0.19,0.04,0.19,-0.1,0.15,-0.38,0.24,0.38,0.24,0.54,-0.05,-0.14,0,0.1,0,-0.92
2010-11-01,0.01,0.14,-0.04,0.09,0.5,-0.18,-0.06,-0.65,0.06,-0.35,-0.2,-0.39,0.31,0.66,0,0.08,-0.95,0.27,0.25,0.7,-0.27,-0.73,-1.28,-0.47,-0.16,0.08,-0.96
2010-12-01,-0.04,0.08,-0.09,-0.12,0.14,-0.28,0.03,-0.05,0.05,-0.53,-0.28,-0.6,0.1,0.25,-0.04,0.33,0.11,0.37,0.61,0.65,0.57,-0.06,0.07,-0.12,-0.77,-0.84,0.02
2011-01-01,-0.21,-0.28,-0.18,-0.35,-0.4,-0.31,-0.07,0,-0.09,-0.6,-0.37,-0.66,-0.22,-0.41,-0.04,0.21,0.3,0.19,0.89,0.9,0.87,-0.1,0.48,-0.38,-1,-0.56,0.48
2011-02-01,-0.22,-0.44,-0.13,-0.33,-0.48,-0.24,-0.1,-0.34,-0.05,-0.55,-0.43,-0.58,-0.24,-0.53,0.01,0.16,-0.16,0.21,-0.77,-1.25,-0.21,-0.27,-0.03,-0.38,-0.31,-0.35,-0.41
2011-03-01,-0.32,-0.33,-0.31,-0.41,-0.41,-0.41,-0.22,-0.16,-0.23,-0.56,-0.5,-0.57,-0.34,-0.39,-0.3,-0.03,0.11,-0.06,0.19,0.11,0.28,0.27,0.44,0.19,-0.21,-0.11,-0.29
2011-04-01,-0.16,-0.06,-0.2,-0.19,-0.07,-0.27,-0.13,-0.03,-0.15,-0.41,-0.27,-0.45,-0.1,-0.02,-0.17,0.03,0.15,0.01,-0.09,-0.15,-0.03,0.27,1.05,-0.1,0.07,-0.09,-0.46
2011-05-01,-0.13,-0.11,-0.13,-0.19,-0.11,-0.24,-0.06,-0.13,-0.05,-0.22,0,-0.29,-0.18,-0.13,-0.22,0.03,-0.25,0.07,0.16,0.18,0.13,-0.08,0.06,-0.14,-0.7,-0.53,-0.84
2011-06-01,0.01,0.09,-0.02,0.02,0.13,-0.05,0,-0.01,0,-0.05,0.15,-0.11,0.04,0.13,-0.04,0.04,-0.14,0.07,0.22,0.2,0.26,0.12,-0.08,0.22,-0.12,-0.15,-0.01
2011-07-01,0.07,0.23,0,0.07,0.17,0.01,0.06,0.37,-0.01,-0.08,0.03,-0.12,0.17,0.2,0.14,0.12,0.63,0.03,0.2,0.29,0.1,1.18,2.09,0.75,0.92,0.66,-0.19
2011-08-01,0.02,0.15,-0.02,-0.01,0.04,-0.03,0.06,0.41,-0.02,-0.04,0,-0.05,0.03,0.05,0.01,0.09,0.7,-0.02,0.11,0,0.24,1.03,2.1,0.53,0.73,0.42,0.22
2011-09-01,-0.01,0.14,-0.07,-0.02,0.11,-0.1,0,0.2,-0.05,-0.09,-0.07,-0.09,0.03,0.16,-0.08,0.03,0.41,-0.04,0.25,0.2,0.31,0.65,0.83,0.56,-0.37,-0.4,-0.22
2011-10-01,-0.23,-0.1,-0.28,-0.17,0.02,-0.3,-0.29,-0.37,-0.28,-0.3,-0.22,-0.32,-0.12,0.06,-0.27,-0.28,-0.4,-0.26,-0.24,-0.15,-0.34,-0.16,0.03,-0.26,-0.29,-0.44,-0.84
2011-11-01,-0.18,-0.16,-0.18,-0.25,-0.3,-0.22,-0.1,0.15,-0.15,-0.21,-0.17,-0.22,-0.28,-0.35,-0.22,-0.03,0.45,-0.12,-0.41,-0.6,-0.19,0.19,1.04,-0.21,-0.08,-0.63,-0.16
2011-12-01,-0.13,-0.1,-0.14,-0.15,-0.02,-0.24,-0.1,-0.29,-0.06,-0.2,-0.07,-0.24,-0.13,-0.01,-0.24,-0.04,-0.42,0.03,-0.62,-0.28,-1.02,-0.33,-0.4,-0.29,0.24,-0.03,-0.68
2012-01-01,-0.34,-0.5,-0.28,-0.39,-0.53,-0.31,-0.29,-0.42,-0.27,-0.34,-0.19,-0.39,-0.42,-0.63,-0.24,-0.26,-0.57,-0.21,-0.11,-0.39,0.22,-0.55,-0.74,-0.46,0.81,-0.02,-0.79
2012-02-01,-0.39,-0.47,-0.35,-0.37,-0.5,-0.29,-0.4,-0.41,-0.4,-0.49,-0.32,-0.54,-0.28,-0.58,-0.02,-0.38,-0.38,-0.38,0.8,0.71,0.9,-0.04,-0.04,-0.05,0.17,0.14,-1.1
2012-03-01,-0.17,-0.25,-0.14,-0.21,-0.29,-0.16,-0.13,-0.16,-0.12,-0.38,-0.38,-0.38,-0.08,-0.27,0.08,-0.03,0,-0.04,-0.34,-0.76,0.13,0.29,0.24,0.31,2.23,1.52,-0.21
2012-04-01,-0.02,0.22,-0.11,0,0.4,-0.25,-0.04,-0.18,-0.01,-0.4,-0.3,-0.43,0.28,0.62,-0.03,0.09,-0.19,0.14,0.57,0.9,0.2,-0.04,0.27,-0.19,1.1,1.02,-0.35
2012-05-01,-0.07,0.17,-0.17,0.09,0.33,-0.06,-0.24,-0.2,-0.25,-0.3,-0.31,-0.3,0.3,0.49,0.12,-0.2,-0.1,-0.22,0.51,0.72,0.27,-0.05,0.12,-0.13,0.8,0.39,-0.83
2012-06-01,0,0.13,-0.05,0.16,0.42,-0.01,-0.15,-0.52,-0.07,-0.3,-0.31,-0.3,0.38,0.61,0.18,-0.05,-0.65,0.05,1.18,1.44,0.89,-0.6,-1.03,-0.4,0.58,0.55,-0.23
2012-07-01,-0.12,-0.07,-0.14,0.03,0.23,-0.09,-0.27,-0.75,-0.17,-0.09,-0.1,-0.09,0.11,0.34,-0.11,-0.37,-1.31,-0.2,0.19,0.46,-0.11,-1.34,-2.17,-0.95,0.54,0.38,-1.08
2012-08-01,-0.05,-0.06,-0.05,-0.09,-0.04,-0.12,-0.02,-0.09,0,-0.09,-0.08,-0.09,-0.06,0,-0.11,0,-0.19,0.03,-0.28,-0.4,-0.14,-0.28,-0.5,-0.18,0.13,0.14,-0.33
2012-09-01,0.04,0.08,0.02,-0.01,0.12,-0.09,0.08,-0.02,0.11,-0.04,-0.13,-0.02,0.04,0.21,-0.12,0.13,-0.02,0.15,0.25,0.56,-0.09,-0.38,-0.8,-0.17,-0.31,-0.38,0.55
2012-10-01,0.05,0,0.07,-0.03,-0.16,0.06,0.13,0.38,0.08,0.03,0.07,0.02,-0.05,-0.2,0.09,0.17,0.54,0.11,0.17,0.09,0.26,0.49,1.02,0.24,-0.61,-0.41,0.21
2012-11-01,0.03,0.2,-0.04,-0.01,0.1,-0.08,0.06,0.41,-0.02,0.12,0.08,0.12,-0.07,0.09,-0.22,0.03,0.7,-0.09,0.39,0.15,0.66,0.64,1.22,0.36,-0.17,-0.16,0.37
2012-12-01,0,-0.15,0.06,-0.24,-0.44,-0.11,0.24,0.49,0.19,0.06,0.02,0.07,-0.39,-0.59,-0.22,0.34,0.92,0.23,-0.15,-0.3,0.04,1.42,2.07,1.11,-0.11,-0.33,-0.02
2013-01-01,0.31,0.28,0.32,0.24,0.13,0.31,0.38,0.64,0.33,0.31,0.36,0.3,0.17,0.06,0.28,0.45,0.87,0.37,0.24,-0.04,0.57,1.27,1.35,1.23,0.67,0.76,0.84
2013-02-01,-0.03,-0.05,-0.02,0.04,0.01,0.05,-0.09,-0.19,-0.07,0.1,0.2,0.07,-0.01,-0.06,0.04,-0.19,-0.43,-0.14,-0.34,-0.34,-0.33,-0.11,-0.4,0.03,-0.98,-0.98,-0.95
2013-03-01,-0.02,0.02,-0.03,0.02,0.07,-0.01,-0.05,-0.09,-0.05,0.11,0.29,0.06,-0.05,0.01,-0.1,-0.12,-0.36,-0.08,-0.57,-1.07,0,-0.41,-0.64,-0.31,-1.16,-1.04,0.54
2013-04-01,-0.06,-0.18,-0.02,-0.11,-0.23,-0.04,-0.02,-0.07,0,0.06,0.09,0.05,-0.2,-0.31,-0.1,-0.06,-0.21,-0.03,-0.65,-0.65,-0.66,-0.15,-0.71,0.12,-0.55,-0.8,-0.11
2013-05-01,-0.12,0.06,-0.18,-0.09,0.1,-0.2,-0.15,-0.03,-0.17,-0.06,0.09,-0.11,-0.09,0.12,-0.27,-0.2,-0.18,-0.2,-0.41,-0.08,-0.78,-0.57,-0.66,-0.52,-0.29,-0.45,0.37
2013-06-01,0.08,0.23,0.02,0.09,0.23,0,0.07,0.21,0.04,-0.03,0.09,-0.06,0.17,0.29,0.06,0.11,0.25,0.08,0.41,0.64,0.14,-0.39,0.46,-0.8,0.23,0.49,0.11
2013-07-01,-0.08,-0.12,-0.07,-0.12,-0.12,-0.11,-0.05,-0.11,-0.04,-0.22,-0.14,-0.25,-0.07,-0.09,-0.04,0.04,-0.14,0.07,0.09,0,0.18,-1.01,-0.93,-1.05,-0.26,-0.12,0.24
2013-08-01,-0.07,0.06,-0.12,-0.11,-0.04,-0.16,-0.03,0.27,-0.09,-0.18,-0.15,-0.18,-0.05,0.02,-0.12,0.03,0.49,-0.06,-0.06,0.15,-0.3,0.35,1.16,-0.04,-0.25,-0.14,0.82
2013-09-01,0.06,0.3,-0.04,0.09,0.08,0.1,0.03,0.82,-0.14,-0.02,0.05,-0.04,0.15,0.1,0.19,0.05,1.35,-0.18,-0.02,-0.05,0.01,1.13,3.1,0.2,0.61,0.49,0.83
2013-10-01,0.03,0.23,-0.05,0.12,0.21,0.06,-0.06,0.25,-0.13,-0.15,-0.11,-0.16,0.25,0.3,0.2,0,0.52,-0.1,0.07,0.28,-0.18,0.2,0.91,-0.14,-0.59,-0.16,0.76
2013-11-01,-0.08,0.14,-0.17,-0.1,0.12,-0.24,-0.07,0.18,-0.12,-0.16,-0.1,-0.17,-0.07,0.17,-0.29,-0.01,0.45,-0.09,-0.75,-0.34,-1.22,-0.22,0.84,-0.72,-0.18,-0.17,-0.16
2013-12-01,0.02,0.09,-0.01,-0.01,-0.06,0.02,0.05,0.43,-0.03,-0.12,-0.08,-0.13,0.05,-0.04,0.13,0.14,0.78,0.02,0.18,0.52,-0.21,0.93,1.38,0.72,-0.67,-0.25,0.14
2014-01-01,0.07,0.09,0.06,0.1,0.05,0.14,0.03,0.18,0,-0.21,-0.15,-0.23,0.26,0.08,0.42,0.17,0.5,0.11,0.63,0.24,1.07,0.37,0.85,0.15,-0.55,0.08,0.46
2014-02-01,-0.02,-0.19,0.05,0.01,-0.19,0.15,-0.05,-0.19,-0.02,-0.19,-0.16,-0.2,0.11,-0.21,0.4,0.04,-0.19,0.08,1,0.59,1.46,-0.32,-0.33,-0.32,-0.75,-0.59,-0.12
2014-03-01,-0.02,-0.07,0,0.03,0.09,-0.01,-0.07,-0.44,0,-0.13,-0.13,-0.13,0.09,0.14,0.05,-0.02,-0.65,0.09,0.49,0.47,0.5,-0.3,-0.69,-0.12,-0.52,-0.28,-0.48
2014-04-01,-0.01,0.03,-0.02,0.08,0.12,0.05,-0.09,-0.17,-0.07,-0.02,-0.07,0,0.1,0.17,0.03,-0.1,-0.25,-0.07,-0.22,-0.1,-0.37,-0.27,-0.61,-0.11,0.01,0.08,0.5
2014-05-01,0.12,0.22,0.08,0.08,0.09,0.08,0.16,0.51,0.09,0.05,0.03,0.05,0.12,0.14,0.11,0.19,0.77,0.09,0.23,0.44,0,0.74,1.54,0.36,-0.2,0.03,0.35
2014-06-01,0.12,0,0.17,0.03,-0.1,0.1,0.22,0.21,0.22,0.35,0.45,0.32,-0.15,-0.22,-0.08,0.16,-0.02,0.19,-0.27,-0.35,-0.17,-0.79,-0.6,-0.88,-0.29,-0.47,0.4
2014-07-01,0.09,-0.09,0.16,0.05,-0.08,0.13,0.12,-0.13,0.17,0.24,0.22,0.25,-0.07,-0.19,0.03,0.07,-0.29,0.14,0.03,0.09,-0.03,-0.15,-0.76,0.14,-0.49,-0.47,0.32
2014-08-01,-0.06,-0.08,-0.05,-0.04,-0.06,-0.02,-0.08,-0.11,-0.07,-0.13,-0.13,-0.13,0.01,-0.04,0.05,-0.05,-0.1,-0.04,0.1,0.13,0.07,0.01,-0.2,0.12,-0.52,-0.5,-1.01
2014-09-01,-0.01,0.05,-0.03,-0.1,-0.14,-0.08,0.08,0.47,0,-0.02,-0.04,-0.01,-0.13,-0.14,-0.12,0.12,0.79,0.01,-0.63,-0.59,-0.66,0.53,1.4,0.12,0.17,0.24,0.1
2014-10-01,0.09,0.16,0.06,0.09,0.07,0.1,0.09,0.38,0.03,0.04,0.08,0.02,0.11,0.08,0.14,0.12,0.57,0.04,-0.21,-0.3,-0.11,0.06,0.07,0.05,0.83,0.62,0.65
2014-11-01,0.11,-0.03,0.16,0.13,-0.11,0.28,0.09,0.16,0.08,0.12,0.06,0.13,0.13,-0.15,0.38,0.08,0.22,0.05,0.66,0.43,0.94,0.02,0.37,-0.15,-1.08,-0.49,0.57
2014-12-01,0.11,0.19,0.07,0.19,0.33,0.11,0.02,-0.12,0.05,0.13,0.1,0.14,0.22,0.37,0.09,-0.04,-0.23,0,0.13,0.39,-0.17,-0.6,-0.78,-0.52,0.67,0.86,0.28
2015-01-01,0.17,0.27,0.13,0.31,0.43,0.23,0.03,-0.11,0.05,0.04,-0.1,0.08,0.46,0.56,0.37,0.01,-0.07,0.02,-0.21,0.07,-0.53,-0.08,-0.12,-0.06,0.95,1.11,-0.21
2015-02-01,0.05,0.25,-0.03,0.13,0.36,-0.02,-0.03,-0.02,-0.03,-0.18,0.02,-0.23,0.29,0.44,0.15,0.05,-0.01,0.06,-0.18,0.14,-0.55,0.04,0.09,0.01,0.23,0.49,0.01
2015-03-01,0.07,0.21,0.01,0.13,0.27,0.04,0.01,0.08,-0.01,-0.04,-0.1,-0.03,0.23,0.39,0.09,0.03,0.14,0.01,-0.07,0.09,-0.26,0.13,0.14,0.12,1.58,1.39,0.15
2015-04-01,-0.02,-0.08,0,0.03,0.03,0.04,-0.08,-0.32,-0.03,-0.01,-0.12,0.02,0.07,0.07,0.07,-0.13,-0.47,-0.07,0.11,-0.1,0.36,-0.55,-0.82,-0.42,0.23,0.08,-0.64
2015-05-01,0.15,0.15,0.15,0.16,0.18,0.14,0.14,0.07,0.15,0.14,0.1,0.15,0.15,0.19,0.12,0.15,0.07,0.16,0.19,0.4,-0.06,0.22,-0.36,0.49,-0.38,0.05,0.04
2015-06-01,0.18,0.19,0.18,0.21,0.21,0.22,0.16,0.17,0.15,0.32,0.35,0.31,0.17,0.17,0.16,0.06,0,0.07,0.07,0.16,-0.04,-0.94,-0.94,-0.94,0.87,0.81,0.46
2015-07-01,0.03,-0.07,0.06,0.12,0.08,0.15,-0.06,-0.39,0,0.31,0.44,0.27,0.01,-0.02,0.04,-0.25,-1,-0.12,-0.07,-0.12,-0.02,-1.27,-1.89,-0.98,-0.16,-0.22,-0.58
2015-08-01,0.13,-0.08,0.21,0.07,-0.07,0.15,0.19,-0.1,0.25,0.38,0.41,0.37,-0.1,-0.18,-0.03,0.09,-0.52,0.2,-0.36,-0.37,-0.35,-0.7,-1.57,-0.29,-0.15,-0.21,-0.43
2015-09-01,0.09,-0.07,0.15,0.17,0.04,0.25,0.01,-0.3,0.08,0.41,0.45,0.39,0.05,-0.05,0.14,-0.2,-0.95,-0.07,-0.05,-0.14,0.05,-1,-1.85,-0.6,0.59,0.31,-0.59
2015-10-01,0.28,0.42,0.23,0.47,0.45,0.48,0.1,0.34,0.05,0.42,0.46,0.41,0.48,0.45,0.51,-0.07,0.24,-0.12,0.34,0.26,0.45,-0.31,0.2,-0.56,1.19,1.28,0.42
2015-11-01,0.21,0.36,0.16,0.32,0.43,0.25,0.11,0.18,0.09,0.41,0.43,0.41,0.29,0.45,0.14,-0.07,-0.06,-0.07,-0.37,-0.3,-0.46,-0.58,-0.36,-0.69,0.8,0.48,0.57
2015-12-01,0.36,0.46,0.32,0.47,0.55,0.43,0.24,0.27,0.24,0.52,0.26,0.59,0.47,0.66,0.31,0.08,0.16,0.06,-0.52,-0.25,-0.83,0.16,0.05,0.22,1.37,1.04,0.19
2016-01-01,0.43,0.42,0.43,0.58,0.57,0.58,0.27,0.09,0.31,0.77,0.57,0.83,0.49,0.62,0.37,0,-0.43,0.08,2.13,2.27,1.96,-0.49,-0.86,-0.32,-0.61,-0.14,-0.76
2016-02-01,0.71,0.92,0.62,0.97,1.17,0.85,0.44,0.38,0.46,0.89,0.81,0.91,1,1.26,0.77,0.23,0.05,0.26,1.25,1.33,1.16,-0.51,-0.79,-0.38,0.97,1.06,0.45
2016-03-01,0.65,0.83,0.57,0.81,0.99,0.69,0.49,0.46,0.49,1.02,1.01,1.02,0.69,0.99,0.42,0.21,0.04,0.24,1.25,1.31,1.2,-0.38,-0.26,-0.44,1.11,1.16,0.49
2016-04-01,0.61,0.73,0.57,0.71,0.79,0.66,0.52,0.6,0.5,0.85,0.72,0.88,0.64,0.83,0.47,0.34,0.43,0.32,1.48,1.69,1.25,0.23,0.06,0.32,0.61,0.8,0.86
2016-05-01,0.42,0.43,0.42,0.46,0.33,0.55,0.38,0.67,0.32,0.59,0.49,0.62,0.42,0.28,0.54,0.24,0.81,0.14,0.77,0.57,1,1.01,1.5,0.77,-0.65,-0.24,1.33
2016-06-01,0.21,0.14,0.24,0.34,0.33,0.35,0.08,-0.29,0.16,0.24,0.15,0.27,0.41,0.39,0.42,-0.02,-0.66,0.1,0.56,0.7,0.39,-1.09,-1.87,-0.72,1.05,0.94,0.94
2016-07-01,0.26,0.3,0.25,0.32,0.33,0.31,0.21,0.21,0.2,0.31,0.36,0.3,0.35,0.36,0.33,0.13,0,0.15,0.2,0.34,0.05,0.13,-0.71,0.52,0.15,0.23,0.89
2016-08-01,0.32,0.5,0.26,0.43,0.47,0.41,0.21,0.56,0.14,0.36,0.31,0.38,0.45,0.5,0.41,0.15,0.78,0.04,0.65,0.86,0.4,0.59,1.57,0.12,0.02,0.21,0.1
2016-09-01,0.3,0.37,0.28,0.36,0.57,0.23,0.24,-0.06,0.31,0.22,0.2,0.23,0.43,0.65,0.23,0.26,-0.21,0.35,1.03,1.01,1.05,-0.16,-0.67,0.07,0.36,0.34,-0.19
2016-10-01,0.28,0.13,0.34,0.27,0.01,0.44,0.29,0.4,0.27,0.36,0.37,0.35,0.23,-0.08,0.52,0.25,0.42,0.22,1.37,0.57,2.29,1.07,0.95,1.12,1.02,1.38,0.15
2016-11-01,0.35,0.4,0.33,0.3,0.31,0.3,0.39,0.59,0.35,0.27,0.29,0.26,0.31,0.31,0.3,0.47,0.83,0.41,0.7,0.25,1.22,1.27,1.89,0.98,1.85,1.58,0.03
2016-12-01,0.17,0.18,0.16,0.15,0.09,0.19,0.18,0.39,0.14,0.13,0.12,0.14,0.16,0.06,0.24,0.21,0.67,0.13,-0.08,-0.59,0.51,0.62,0.96,0.46,-0.13,-0.14,0.41
2017-01-01,0.26,0.41,0.21,0.24,0.43,0.13,0.28,0.36,0.27,0.07,0.15,0.04,0.33,0.46,0.21,0.41,0.65,0.36,0.66,0.61,0.73,0.65,0.51,0.71,0.22,0.24,1.14
2017-02-01,0.31,0.57,0.21,0.43,0.68,0.27,0.19,0.32,0.16,0.02,-0.07,0.05,0.64,0.87,0.44,0.29,0.62,0.23,1.09,1.09,1.1,0.52,0.94,0.32,2.08,1.81,0.36
2017-03-01,0.18,0.51,0.05,0.29,0.61,0.08,0.08,0.29,0.04,0.02,0.1,0,0.4,0.73,0.1,0.14,0.49,0.07,1.09,1.37,0.76,0.14,0.36,0.03,1.16,0.71,1
2017-04-01,0.19,0.18,0.19,0.19,0.27,0.13,0.19,-0.02,0.24,0.14,0.12,0.15,0.2,0.3,0.11,0.24,-0.1,0.29,-0.14,-0.26,0,-0.14,-0.45,0,0.9,0.96,0.4
2017-05-01,0.33,0.32,0.34,0.22,0.22,0.23,0.44,0.54,0.42,0.3,0.31,0.3,0.22,0.24,0.21,0.47,0.58,0.45,-0.14,-0.32,0.06,0.61,0.85,0.5,0,-0.09,0.21
2017-06-01,0.1,0.09,0.1,0.16,0.16,0.16,0.04,-0.08,0.06,0.27,0.43,0.22,0.12,0.13,0.1,-0.1,-0.61,-0.01,-0.21,-0.12,-0.31,-1.33,-2.39,-0.83,0.36,0.33,0.31
2017-07-01,0.17,0.19,0.16,0.15,0.1,0.19,0.19,0.42,0.15,0.35,0.44,0.33,0.07,0.04,0.11,0.08,0.3,0.04,-0.42,-0.45,-0.38,-0.76,-1.02,-0.63,0.45,0.55,0.78
2017-08-01,0.3,0.26,0.32,0.3,0.32,0.28,0.3,0.11,0.34,0.33,0.43,0.3,0.28,0.31,0.25,0.29,-0.18,0.37,0.35,0.83,-0.2,-0.44,-1.07,-0.14,-0.58,-0.57,0.69
2017-09-01,0.4,0.4,0.4,0.38,0.47,0.32,0.42,0.24,0.46,0.39,0.46,0.37,0.4,0.49,0.32,0.42,0.04,0.49,0.86,0.78,0.96,-0.72,-1.17,-0.51,0.1,0.15,0.46
2017-10-01,0.48,0.54,0.45,0.48,0.54,0.45,0.47,0.56,0.45,0.33,0.51,0.28,0.54,0.54,0.55,0.57,0.62,0.56,0.53,0.22,0.89,0.99,1.35,0.81,1.01,0.91,0.73
2017-11-01,0.23,0.15,0.26,0.2,0.18,0.21,0.26,0.07,0.3,0.13,0.17,0.12,0.22,0.17,0.26,0.34,0.07,0.39,0.4,0.31,0.5,0.32,0.4,0.28,1.29,1.42,-0.17
2017-12-01,0.32,0.54,0.23,0.44,0.66,0.3,0.2,0.27,0.18,0.15,0.31,0.1,0.59,0.74,0.45,0.23,0.29,0.22,1.29,1.53,1.01,0.17,0.34,0.08,0.3,0.69,0.3
2018-01-01,0.15,0.37,0.07,0.36,0.52,0.26,-0.05,0.05,-0.07,-0.19,-0.14,-0.21,0.63,0.66,0.6,0.04,0.27,0,1.06,0.96,1.17,0.07,0.59,-0.18,0.55,0.66,0.28
2018-02-01,0.09,0.02,0.12,0.07,-0.03,0.13,0.12,0.13,0.11,-0.07,0.18,-0.14,0.17,-0.09,0.41,0.18,0.12,0.19,0.94,0.44,1.51,0.2,0.05,0.27,0.79,1.01,0.26
2018-03-01,0.16,0.4,0.06,0.25,0.48,0.11,0.06,0.24,0.02,-0.01,0.13,-0.05,0.37,0.56,0.2,0.12,0.35,0.08,-0.54,-0.5,-0.59,0.14,0.23,0.1,-0.46,-0.19,0.57
2018-04-01,0.09,0.35,-0.01,0.17,0.25,0.11,0.02,0.57,-0.09,-0.23,-0.27,-0.22,0.37,0.39,0.35,0.16,1.2,-0.02,0.63,0.44,0.84,0.95,1.78,0.56,-0.05,0.04,0.66
2018-05-01,0.05,0.24,-0.03,0.22,0.32,0.16,-0.12,0.07,-0.17,-0.1,-0.03,-0.12,0.39,0.41,0.37,-0.14,0.17,-0.19,-0.17,-0.44,0.14,-0.2,0.38,-0.47,1.81,1.42,-0.29
2018-06-01,0.07,0.2,0.02,0.19,0.29,0.12,-0.04,0.01,-0.05,-0.03,0.01,-0.04,0.33,0.38,0.28,-0.08,-0.06,-0.08,0.51,0.49,0.54,-0.07,0.35,-0.27,1,0.73,-0.64
2018-07-01,0.18,0.41,0.09,0.24,0.42,0.12,0.12,0.38,0.06,0.11,0.16,0.09,0.31,0.51,0.14,0.12,0.49,0.05,0.12,0.12,0.13,0.33,0.48,0.26,0.3,0.34,1.09
2018-08-01,0.07,0.23,0,0.09,0.23,0,0.04,0.22,0,-0.03,-0.04,-0.03,0.17,0.31,0.04,0.06,0.39,0,-0.05,0.02,-0.14,0.17,1.02,-0.23,-0.03,-0.03,0.12
2018-09-01,-0.02,-0.05,-0.01,-0.01,-0.06,0.02,-0.04,-0.03,-0.04,0.06,0.1,0.05,-0.05,-0.08,-0.02,-0.09,-0.23,-0.07,0,0.01,-0.01,-0.6,-0.95,-0.43,0.62,0.94,0
2018-10-01,0.04,0.11,0.02,0.1,0.12,0.09,-0.02,0.09,-0.04,0.18,0.19,0.17,0.08,0.1,0.06,-0.14,0,-0.16,0.81,0.99,0.6,-0.43,-0.13,-0.58,-0.03,0.35,0.18
2018-11-01,0.13,-0.01,0.19,0.09,-0.1,0.22,0.17,0.19,0.16,0.34,0.38,0.32,-0.04,-0.23,0.13,0.08,0.03,0.09,0.4,0.33,0.47,-0.26,-0.5,-0.15,-1.27,-0.73,0.42
2018-12-01,0.14,0.21,0.1,0.22,0.18,0.25,0.05,0.29,0,0.18,0.11,0.2,0.23,0.18,0.28,-0.01,0.47,-0.1,0.55,0.6,0.49,-0.32,0.4,-0.67,-0.01,-0.05,1.11
2019-01-01,0.25,0.19,0.27,0.2,0.16,0.22,0.29,0.24,0.3,0.27,0.27,0.26,0.15,0.11,0.19,0.32,0.3,0.32,-0.48,-0.48,-0.49,-0.07,-0.25,0.02,0.38,0.38,0.91
2019-02-01,0.22,0.19,0.23,0.25,0.09,0.36,0.19,0.42,0.14,0.31,0.23,0.33,0.23,0.07,0.37,0.12,0.5,0.05,0.76,0.74,0.79,0.65,1.15,0.42,-0.23,0.14,-0.04
2019-03-01,0.22,0.28,0.2,0.26,0.26,0.26,0.19,0.33,0.16,0.32,0.29,0.33,0.2,0.26,0.14,0.15,0.32,0.12,0.74,1.23,0.17,0.19,0.41,0.08,-0.81,-0.11,0.39
2019-04-01,0.33,0.26,0.36,0.23,0.14,0.28,0.43,0.54,0.41,0.45,0.48,0.44,0.12,0.05,0.18,0.42,0.55,0.39,0.53,0.15,0.97,0.29,0.25,0.31,0.39,0.34,0.73
2019-05-01,0.21,0.1,0.25,0.14,0.02,0.21,0.27,0.28,0.27,0.28,0.35,0.26,0.07,-0.04,0.17,0.26,0.15,0.28,0.67,0.77,0.56,-0.23,-0.52,-0.09,-0.7,-0.46,0.34
2019-06-01,0.35,0.2,0.41,0.27,0.18,0.33,0.42,0.23,0.46,0.5,0.5,0.5,0.17,0.13,0.2,0.37,-0.06,0.44,0.65,0.61,0.7,-0.2,-1.44,0.39,-0.75,-0.48,0.13
2019-07-01,0.26,0.32,0.23,0.19,0.15,0.21,0.33,0.72,0.25,0.28,0.4,0.24,0.16,0.11,0.2,0.34,0.89,0.25,0.21,0.11,0.34,0.46,1.01,0.21,0,0.26,0.48
2019-08-01,0.27,0.26,0.27,0.26,0.22,0.28,0.27,0.35,0.26,0.28,0.21,0.31,0.28,0.25,0.3,0.24,0.41,0.21,0.28,0.34,0.2,0.42,0.38,0.44,0.12,0.21,-0.01
2019-09-01,0.46,0.47,0.45,0.49,0.48,0.49,0.42,0.43,0.42,0.44,0.57,0.4,0.53,0.48,0.57,0.4,0.25,0.42,0.52,0.4,0.66,0,-0.36,0.17,0.88,0.95,0.3
2019-10-01,0.3,0.54,0.21,0.47,0.55,0.42,0.13,0.52,0.05,0.18,0.15,0.19,0.64,0.67,0.61,0.09,0.76,-0.02,0.72,0.76,0.68,0.84,1.3,0.62,-0.26,-0.04,0.25
2019-11-01,0.42,0.51,0.39,0.42,0.34,0.47,0.43,0.9,0.33,0.43,0.48,0.42,0.43,0.32,0.53,0.41,1.19,0.27,0.28,0.55,-0.03,1.32,1.71,1.13,0.11,0.5,0.25
2019-12-01,0.45,0.63,0.37,0.49,0.58,0.43,0.4,0.74,0.33,0.46,0.45,0.47,0.51,0.62,0.41,0.36,0.95,0.26,0.52,0.46,0.58,1.36,1.62,1.23,0.66,0.66,0.84
2020-01-01,0.43,0.54,0.39,0.45,0.5,0.41,0.41,0.62,0.37,0.52,0.51,0.53,0.41,0.51,0.31,0.35,0.66,0.3,-0.21,-0.08,-0.36,0.74,0.88,0.67,0.58,0.11,0.42
2020-02-01,0.6,0.72,0.56,0.75,0.83,0.69,0.46,0.44,0.46,0.64,0.55,0.66,0.78,0.91,0.67,0.38,0.34,0.39,-0.26,0.25,-0.84,0.8,0.53,0.92,0.18,-0.16,0.21
2020-03-01,0.35,0.35,0.36,0.43,0.47,0.4,0.28,0.08,0.32,0.54,0.53,0.54,0.37,0.44,0.31,0.14,-0.22,0.21,-0.95,-0.55,-1.41,-0.3,-0.95,0.01,0.82,0.83,-0.03
2020-04-01,0.27,0.32,0.24,0.27,0.19,0.33,0.26,0.63,0.18,0.36,0.36,0.36,0.22,0.13,0.31,0.21,0.87,0.09,0.64,0.73,0.52,0.86,1.43,0.58,-0.69,-0.41,0.79
2020-05-01,0.43,0.46,0.41,0.44,0.41,0.46,0.42,0.57,0.38,0.54,0.43,0.58,0.38,0.4,0.37,0.35,0.7,0.29,0.84,0.82,0.87,0.55,1.19,0.25,0.08,0.23,-0.2
2020-06-01,0.31,0.32,0.3,0.3,0.26,0.33,0.31,0.45,0.28,0.32,0.39,0.3,0.3,0.24,0.36,0.3,0.44,0.27,0.54,0.51,0.58,-0.08,-0.04,-0.1,0.27,0.12,0.98
2020-07-01,0.32,0.35,0.3,0.32,0.22,0.38,0.31,0.64,0.24,0.29,0.36,0.27,0.36,0.21,0.48,0.3,0.76,0.22,0.27,0.06,0.52,0.65,1.26,0.37,0.45,0.32,0.27
2020-08-01,0.31,0.32,0.3,0.35,0.34,0.36,0.27,0.28,0.26,0.46,0.54,0.43,0.32,0.32,0.32,0.14,-0.03,0.17,0.31,0.17,0.47,-0.59,-0.28,-0.74,0.36,0.26,0.25
2020-09-01,0.41,0.56,0.35,0.42,0.52,0.36,0.4,0.65,0.34,0.3,0.34,0.29,0.51,0.6,0.42,0.43,0.78,0.37,0.25,0.48,-0.02,0.44,0.99,0.17,0.7,0.6,0.65
2020-10-01,0.38,0.46,0.36,0.54,0.52,0.56,0.23,0.33,0.21,0.25,0.36,0.21,0.68,0.57,0.78,0.23,0.27,0.23,0.95,0.83,1.1,-0.45,-0.27,-0.53,0.87,0.82,0
2020-11-01,0.4,0.61,0.32,0.53,0.7,0.42,0.28,0.39,0.26,0.18,0.24,0.16,0.7,0.82,0.6,0.34,0.51,0.32,1.1,1.05,1.15,-0.21,0.06,-0.33,1.46,1.27,1.29
2020-12-01,0.15,0.04,0.2,0.09,0.11,0.07,0.22,-0.1,0.29,-0.06,0.1,-0.11,0.14,0.08,0.18,0.4,-0.18,0.5,0.44,0.37,0.52,-0.12,-0.68,0.15,0.3,0.3,0.14
2021-01-01,0.13,0.25,0.09,0.35,0.54,0.22,-0.08,-0.41,-0.01,-0.07,0.14,-0.14,0.54,0.59,0.49,-0.06,-0.65,0.05,0.5,0.27,0.77,-0.65,-1,-0.49,0.37,0.51,-0.51
2021-02-01,0.2,0.13,0.23,0.32,0.29,0.35,0.08,-0.23,0.15,-0.13,-0.09,-0.15,0.55,0.41,0.67,0.22,-0.43,0.33,0.08,-0.31,0.52,-0.23,-0.75,0.02,-0.64,-0.73,-0.26
2021-03-01,0,0.16,-0.06,0.13,0.29,0.03,-0.13,-0.15,-0.12,-0.28,-0.19,-0.3,0.35,0.39,0.31,-0.04,0,-0.05,-0.78,-1.05,-0.47,0.28,0.7,0.08,0.6,0.31,-0.78
2021-04-01,-0.04,-0.06,-0.03,0.06,-0.02,0.11,-0.14,-0.17,-0.14,-0.27,-0.26,-0.27,0.23,0.05,0.38,-0.07,-0.11,-0.06,0.02,0.02,0.03,-0.13,-0.55,0.07,-0.01,0.11,0.3
2021-05-01,0.09,0.12,0.08,0.15,0.22,0.1,0.04,-0.1,0.07,0.07,0.09,0.07,0.19,0.27,0.13,0.01,-0.29,0.06,-0.04,0.28,-0.4,-0.03,-0.74,0.3,-0.4,-0.37,0.03
2021-06-01,0,0.19,-0.07,0.31,0.54,0.17,-0.31,-0.61,-0.25,-0.14,-0.06,-0.16,0.53,0.68,0.4,-0.39,-0.98,-0.29,0.64,0.75,0.51,-1.24,-1.53,-1.1,1.45,1.29,-0.75
2021-07-01,0.21,0.48,0.1,0.34,0.55,0.21,0.08,0.31,0.03,0.13,0.15,0.13,0.46,0.67,0.26,0.04,0.39,-0.02,0.44,0.5,0.36,-0.01,0.31,-0.17,0.59,0.61,0.81
2021-08-01,0.18,0.38,0.1,0.27,0.42,0.18,0.08,0.29,0.04,0.08,0.2,0.04,0.4,0.5,0.31,0.07,0.31,0.02,0.84,1.08,0.55,-0.14,0.41,-0.4,0.34,0.29,-0.01
2021-09-01,0.26,0.46,0.18,0.19,0.41,0.06,0.33,0.59,0.28,0.1,0.22,0.06,0.25,0.48,0.05,0.45,0.81,0.38,0.02,0.05,-0.01,0.33,0.75,0.13,0.68,0.33,0.38
2021-10-01,0.38,0.62,0.28,0.47,0.72,0.31,0.28,0.41,0.26,0.34,0.55,0.27,0.53,0.76,0.34,0.26,0.33,0.25,0.64,0.73,0.54,0.11,0.86,-0.24,0.85,0.59,0.07
2021-11-01,0.09,0.23,0.04,0.12,0.33,-0.01,0.06,0,0.08,0.15,0.36,0.09,0.1,0.32,-0.09,0.02,-0.24,0.07,-0.42,-0.18,-0.69,-0.72,-0.67,-0.74,0.51,-0.04,-0.28
2021-12-01,0.22,0.18,0.23,0.28,0.2,0.32,0.15,0.13,0.16,0.04,0.31,-0.03,0.41,0.2,0.6,0.2,-0.07,0.25,0.02,-0.25,0.32,-0.42,-0.24,-0.5,1.64,1.43,-0.05
2022-01-01,0.04,0.05,0.03,0.07,0.1,0.05,0,-0.07,0.02,-0.23,-0.19,-0.24,0.24,0.2,0.27,0.11,-0.05,0.14,0.68,0.88,0.45,-0.5,-0.46,-0.52,-0.12,-0.04,0.1
2022-02-01,0,-0.03,0.02,0.02,-0.04,0.05,-0.01,-0.02,-0.01,-0.24,-0.21,-0.24,0.13,0.01,0.23,0.13,0.11,0.14,-0.3,0.19,-0.87,0.37,0.74,0.2,-0.04,0.09,-0.49
2022-03-01,0.16,0.29,0.1,0.28,0.35,0.24,0.03,0.15,0,-0.07,0.08,-0.11,0.46,0.42,0.5,0.09,0.22,0.06,0.74,0.31,1.24,0.03,0.82,-0.34,0.23,0.43,0.03
2022-04-01,0.27,0.38,0.23,0.36,0.5,0.26,0.18,0.1,0.2,-0.03,0.19,-0.1,0.56,0.6,0.53,0.3,-0.04,0.36,0.45,0.27,0.66,0.08,-0.08,0.16,-0.25,-0.29,0.61
2022-05-01,0.18,0.31,0.13,0.25,0.4,0.16,0.1,0.12,0.1,0.02,0.1,-0.01,0.37,0.48,0.28,0.15,0.14,0.16,0.23,0.32,0.12,0.25,0.5,0.13,0.6,0.47,0.2
2022-06-01,0.07,0.32,-0.03,0.08,0.34,-0.08,0.05,0.28,0,-0.36,-0.24,-0.39,0.31,0.51,0.14,0.26,0.64,0.2,0.33,0.36,0.3,0.81,1.73,0.37,0.47,0.44,0.12
2022-07-01,0.36,0.53,0.3,0.37,0.48,0.31,0.35,0.65,0.29,0.13,0.37,0.07,0.51,0.56,0.47,0.45,0.68,0.42,0.56,0.69,0.41,0.18,0.35,0.1,0.85,0.71,0.66
2022-08-01,0.28,0.4,0.24,0.32,0.46,0.23,0.25,0.27,0.24,-0.03,0.17,-0.09,0.52,0.58,0.47,0.38,0.23,0.41,0.51,0.65,0.35,-0.03,0.41,-0.25,0.6,0.51,0
2022-09-01,0.25,0.41,0.19,0.44,0.59,0.34,0.06,0.01,0.07,0.03,0.21,-0.02,0.65,0.72,0.6,0.07,-0.25,0.13,0.69,0.43,0.99,-0.25,-0.41,-0.17,0.89,0.77,-0.28
2022-10-01,0.33,0.6,0.22,0.44,0.69,0.27,0.21,0.38,0.18,0.05,0.25,-0.01,0.63,0.83,0.46,0.31,0.43,0.29,0.94,1.06,0.8,0.18,0.97,-0.2,0.17,0.23,0.05
2022-11-01,0.17,0.08,0.21,0.21,0.28,0.17,0.13,-0.37,0.24,-0.15,-0.01,-0.2,0.38,0.34,0.4,0.31,-0.61,0.48,0.52,0.34,0.72,-0.38,-1.33,0.07,-0.5,-0.21,-0.56
2022-12-01,0.06,-0.06,0.1,0.13,0.06,0.18,-0.02,-0.32,0.04,-0.34,-0.21,-0.38,0.37,0.15,0.57,0.15,-0.46,0.26,0.8,0.61,1.02,-0.37,-1.02,-0.06,-0.2,0.09,-0.37
2023-01-01,-0.04,-0.05,-0.03,0.06,0.17,-0.02,-0.13,-0.55,-0.05,-0.38,-0.31,-0.39,0.25,0.26,0.24,0.03,-0.6,0.14,-0.12,-0.28,0.06,-0.72,-1.22,-0.49,0.13,0.33,-0.5
2023-02-01,0.09,0.21,0.04,0.17,0.3,0.09,0,0,0.01,-0.1,0.1,-0.16,0.32,0.35,0.3,0.05,-0.06,0.07,-0.24,-0.44,-0.01,-0.2,-0.05,-0.26,0.68,0.36,-0.11
2023-03-01,0.2,0.47,0.1,0.24,0.49,0.08,0.17,0.44,0.11,-0.13,-0.19,-0.11,0.47,0.71,0.26,0.29,0.78,0.2,0.17,0.45,-0.15,0.72,1.09,0.54,-1.43,-1.13,0.4
2023-04-01,0.19,0.21,0.17,0.11,0.01,0.18,0.26,0.68,0.17,-0.02,0.09,-0.06,0.22,0.02,0.39,0.37,1.01,0.26,0.53,0.34,0.76,0.97,1.89,0.53,-0.37,-0.65,0.21
2023-05-01,0.37,0.4,0.36,0.3,0.41,0.24,0.44,0.38,0.46,0.4,0.64,0.33,0.27,0.37,0.18,0.46,0.14,0.51,0.66,0.9,0.4,-0.01,-0.46,0.2,0.57,0.57,-0.09
2023-06-01,0.38,0.54,0.32,0.47,0.51,0.44,0.29,0.59,0.23,0.55,0.62,0.54,0.44,0.49,0.39,0.14,0.55,0.07,0.45,0.34,0.56,0.42,0.7,0.28,-0.35,-0.36,0.07
2023-07-01,0.64,0.86,0.56,0.73,0.83,0.66,0.56,0.93,0.48,0.88,1.04,0.83,0.7,0.81,0.6,0.35,0.77,0.27,0.91,0.92,0.89,0.81,0.12,1.14,0.53,0.69,1.44
2023-08-01,0.7,0.89,0.62,0.88,1.05,0.77,0.51,0.53,0.51,0.86,1.03,0.81,0.91,1.07,0.77,0.32,0.14,0.35,1.54,1.61,1.46,-0.18,-1.38,0.39,0.94,1.01,1.25
2023-09-01,0.9,1.33,0.73,0.94,1.26,0.73,0.86,1.5,0.73,0.93,1.17,0.86,0.98,1.32,0.68,0.79,1.64,0.64,1.13,1.5,0.71,1.3,1.88,1.03,0.4,0.29,1.17
2023-10-01,0.93,1.23,0.81,1.02,1.32,0.83,0.83,1.03,0.79,1.01,1.34,0.91,1.09,1.37,0.83,0.69,0.62,0.7,0.92,1.23,0.56,-0.05,-0.15,0,0.99,1.12,0.63
2023-11-01,0.91,1.12,0.83,1.01,1.31,0.81,0.82,0.7,0.85,1.03,1.15,0.99,1.02,1.37,0.71,0.69,0.31,0.75,1.16,1.61,0.64,-0.23,-0.9,0.09,0.65,0.75,0.42
2023-12-01,0.83,1.07,0.74,0.93,1.21,0.76,0.73,0.77,0.72,1.08,1.19,1.05,0.87,1.22,0.55,0.54,0.42,0.56,0.26,0.22,0.3,0.05,-0.35,0.24,1.26,0.92,0.86
2024-01-01,0.86,0.89,0.85,1.06,1.03,1.08,0.66,0.58,0.68,1.27,1.19,1.29,0.91,0.96,0.87,0.38,0.2,0.41,0.4,0.24,0.58,-0.24,-1.01,0.12,-0.05,0.09,1.18
2024-02-01,0.93,0.98,0.91,1.03,1.01,1.04,0.83,0.93,0.81,1.24,1.12,1.27,0.92,0.99,0.86,0.62,0.76,0.6,0.88,0.73,1.06,0.19,-0.21,0.39,1.37,1.19,1.07
2024-03-01,0.95,1.15,0.87,1.02,1.11,0.97,0.88,1.25,0.8,1.34,1.48,1.3,0.83,1,0.69,0.65,1.08,0.57,1.1,1.2,0.98,0.64,0.4,0.75,0.23,0.38,1.29
